The target system is: Generic -  - 
The host system is: Linux - 7.0.0-22-generic - x86_64
Compiling the C compiler identification source file "CMakeCCompilerId.c" succeeded.
Compiler: /opt/esp/tools/tools/xtensa-esp-elf/esp-13.2.0_20250707/xtensa-esp-elf/bin/xtensa-esp32-elf-gcc 
Build flags: -mlongcalls;-Wno-frame-address;;-fno-builtin-memcpy;-fno-builtin-memset;-fno-builtin-bzero;-fno-builtin-stpcpy;-fno-builtin-strncpy
Id flags:  

The output was:
0


Compilation of the C compiler identification source "CMakeCCompilerId.c" produced "a.out"

The C compiler identification is GNU, found in "/workspace/vehicle_tracker/build/CMakeFiles/3.22.1/CompilerIdC/a.out"

Compiling the CXX compiler identification source file "CMakeCXXCompilerId.cpp" succeeded.
Compiler: /opt/esp/tools/tools/xtensa-esp-elf/esp-13.2.0_20250707/xtensa-esp-elf/bin/xtensa-esp32-elf-g++ 
Build flags: -mlongcalls;-Wno-frame-address;;-fno-builtin-memcpy;-fno-builtin-memset;-fno-builtin-bzero;-fno-builtin-stpcpy;-fno-builtin-strncpy
Id flags:  

The output was:
0


Compilation of the CXX compiler identification source "CMakeCXXCompilerId.cpp" produced "a.out"

The CXX compiler identification is GNU, found in "/workspace/vehicle_tracker/build/CMakeFiles/3.22.1/CompilerIdCXX/a.out"

Checking whether the ASM compiler is GNU using "--version" matched "(GNU assembler)|(GCC)|(Free Software Foundation)":
xtensa-esp-elf-gcc (crosstool-NG esp-13.2.0_20250707) 13.2.0
Copyright (C) 2023 Free Software Foundation, Inc.
This is free software; see the source for copying conditions.  There is NO
warranty; not even for MERCHANTABILITY or FITNESS FOR A PARTICULAR PURPOSE.

Detecting C compiler ABI info compiled with the following output:
Change Dir: /workspace/vehicle_tracker/build/CMakeFiles/CMakeTmp

Run Build Command(s):/usr/bin/gmake -f Makefile cmTC_89d39/fast && /usr/bin/gmake  -f CMakeFiles/cmTC_89d39.dir/build.make CMakeFiles/cmTC_89d39.dir/build
gmake[1]: Entering directory '/workspace/vehicle_tracker/build/CMakeFiles/CMakeTmp'
Building C object CMakeFiles/cmTC_89d39.dir/CMakeCCompilerABI.c.obj
/opt/esp/tools/tools/xtensa-esp-elf/esp-13.2.0_20250707/xtensa-esp-elf/bin/xtensa-esp32-elf-gcc   -mlongcalls -Wno-frame-address  -fno-builtin-memcpy -fno-builtin-memset -fno-builtin-bzero -fno-builtin-stpcpy -fno-builtin-strncpy    -v -o CMakeFiles/cmTC_89d39.dir/CMakeCCompilerABI.c.obj -c /usr/share/cmake-3.22/Modules/CMakeCCompilerABI.c
Using built-in specs.
COLLECT_GCC=/opt/esp/tools/tools/xtensa-esp-elf/esp-13.2.0_20250707/xtensa-esp-elf/bin/xtensa-esp-elf-gcc
Target: xtensa-esp-elf
Configured with: /builds/idf/crosstool-NG/.build/xtensa-esp-elf/src/gcc/configure --build=x86_64-build_pc-linux-gnu --host=x86_64-build_pc-linux-gnu --target=xtensa-esp-elf --prefix=/builds/idf/crosstool-NG/builds/xtensa-esp-elf --exec_prefix=/builds/idf/crosstool-NG/builds/xtensa-esp-elf --with-local-prefix=/builds/idf/crosstool-NG/builds/xtensa-esp-elf/xtensa-esp-elf --with-sysroot=/builds/idf/crosstool-NG/builds/xtensa-esp-elf/xtensa-esp-elf --with-native-system-header-dir=/include --with-newlib --enable-threads=no --disable-shared --with-pkgversion='crosstool-NG esp-13.2.0_20250707' --disable-__cxa_atexit --enable-cxx-flags='-ffunction-sections -fdata-sections' --disable-libgomp --disable-libmudflap --disable-libmpx --disable-libssp --disable-libquadmath --disable-libquadmath-support --disable-libstdcxx-verbose --with-gmp=/builds/idf/crosstool-NG/.build/xtensa-esp-elf/buildtools --with-mpfr=/builds/idf/crosstool-NG/.build/xtensa-esp-elf/buildtools --with-mpc=/builds/idf/crosstool-NG/.build/xtensa-esp-elf/buildtools --with-isl=/builds/idf/crosstool-NG/.build/xtensa-esp-elf/buildtools --enable-lto --enable-target-optspace --without-long-double-128 --disable-nls --enable-multiarch --enable-languages=c,c++ --disable-libstdcxx-verbose --enable-threads=posix --enable-gcov-custom-rtio --enable-libstdcxx-time=yes
Thread model: posix
Supported LTO compression algorithms: zlib zstd
gcc version 13.2.0 (crosstool-NG esp-13.2.0_20250707) 
COLLECT_GCC_OPTIONS='-mdynconfig=xtensa_esp32.so' '-mlongcalls' '-Wno-frame-address' '-fno-builtin-memcpy' '-fno-builtin-memset' '-fno-builtin-bzero' '-fno-builtin-stpcpy' '-fno-builtin-strncpy' '-v' '-o' 'CMakeFiles/cmTC_89d39.dir/CMakeCCompilerABI.c.obj' '-c' '-dumpdir' 'CMakeFiles/cmTC_89d39.dir/'
 /opt/esp/tools/tools/xtensa-esp-elf/esp-13.2.0_20250707/xtensa-esp-elf/bin/../libexec/gcc/xtensa-esp-elf/13.2.0/cc1 -quiet -v -imultilib esp32 -iprefix /opt/esp/tools/tools/xtensa-esp-elf/esp-13.2.0_20250707/xtensa-esp-elf/bin/../lib/gcc/xtensa-esp-elf/13.2.0/ -isysroot /opt/esp/tools/tools/xtensa-esp-elf/esp-13.2.0_20250707/xtensa-esp-elf/bin/../xtensa-esp-elf /usr/share/cmake-3.22/Modules/CMakeCCompilerABI.c -quiet -dumpdir CMakeFiles/cmTC_89d39.dir/ -dumpbase CMakeCCompilerABI.c.c -dumpbase-ext .c -mdynconfig=xtensa_esp32.so -mlongcalls -Wno-frame-address -version -fno-builtin-memcpy -fno-builtin-memset -fno-builtin-bzero -fno-builtin-stpcpy -fno-builtin-strncpy -o /tmp/cc73YgTo.s
GNU C17 (crosstool-NG esp-13.2.0_20250707) version 13.2.0 (xtensa-esp-elf)
	compiled by GNU C version 4.9.2, GMP version 6.2.1, MPFR version 4.2.1, MPC version 1.2.1, isl version isl-0.26-GMP

GGC heuristics: --param ggc-min-expand=100 --param ggc-min-heapsize=131072
ignoring duplicate directory "/opt/esp/tools/tools/xtensa-esp-elf/esp-13.2.0_20250707/xtensa-esp-elf/bin/../lib/gcc/../../lib/gcc/xtensa-esp-elf/13.2.0/include"
ignoring nonexistent directory "/opt/esp/tools/tools/xtensa-esp-elf/esp-13.2.0_20250707/xtensa-esp-elf/bin/../xtensa-esp-elf/builds/idf/crosstool-NG/builds/xtensa-esp-elf/xtensa-esp-elf/include"
ignoring duplicate directory "/opt/esp/tools/tools/xtensa-esp-elf/esp-13.2.0_20250707/xtensa-esp-elf/bin/../lib/gcc/../../lib/gcc/xtensa-esp-elf/13.2.0/include-fixed"
ignoring duplicate directory "/opt/esp/tools/tools/xtensa-esp-elf/esp-13.2.0_20250707/xtensa-esp-elf/bin/../lib/gcc/../../lib/gcc/xtensa-esp-elf/13.2.0/../../../../xtensa-esp-elf/include"
ignoring duplicate directory "/opt/esp/tools/tools/xtensa-esp-elf/esp-13.2.0_20250707/xtensa-esp-elf/bin/../xtensa-esp-elf/include"
#include "..." search starts here:
#include <...> search starts here:
 /opt/esp/tools/tools/xtensa-esp-elf/esp-13.2.0_20250707/xtensa-esp-elf/bin/../lib/gcc/xtensa-esp-elf/13.2.0/include
 /opt/esp/tools/tools/xtensa-esp-elf/esp-13.2.0_20250707/xtensa-esp-elf/bin/../lib/gcc/xtensa-esp-elf/13.2.0/include-fixed
 /opt/esp/tools/tools/xtensa-esp-elf/esp-13.2.0_20250707/xtensa-esp-elf/bin/../lib/gcc/xtensa-esp-elf/13.2.0/../../../../xtensa-esp-elf/include
End of search list.
Compiler executable checksum: bf6e4f381f6eced3fd7e4a00baedeb5c
COLLECT_GCC_OPTIONS='-mdynconfig=xtensa_esp32.so' '-mlongcalls' '-Wno-frame-address' '-fno-builtin-memcpy' '-fno-builtin-memset' '-fno-builtin-bzero' '-fno-builtin-stpcpy' '-fno-builtin-strncpy' '-v' '-o' 'CMakeFiles/cmTC_89d39.dir/CMakeCCompilerABI.c.obj' '-c' '-dumpdir' 'CMakeFiles/cmTC_89d39.dir/'
 /opt/esp/tools/tools/xtensa-esp-elf/esp-13.2.0_20250707/xtensa-esp-elf/bin/../lib/gcc/xtensa-esp-elf/13.2.0/../../../../xtensa-esp-elf/bin/as --traditional-format --longcalls --dynconfig=xtensa_esp32.so -o CMakeFiles/cmTC_89d39.dir/CMakeCCompilerABI.c.obj /tmp/cc73YgTo.s
COMPILER_PATH=/opt/esp/tools/tools/xtensa-esp-elf/esp-13.2.0_20250707/xtensa-esp-elf/bin/../libexec/gcc/xtensa-esp-elf/13.2.0/:/opt/esp/tools/tools/xtensa-esp-elf/esp-13.2.0_20250707/xtensa-esp-elf/bin/../libexec/gcc/:/opt/esp/tools/tools/xtensa-esp-elf/esp-13.2.0_20250707/xtensa-esp-elf/bin/../lib/gcc/xtensa-esp-elf/13.2.0/../../../../xtensa-esp-elf/bin/
LIBRARY_PATH=/opt/esp/tools/tools/xtensa-esp-elf/esp-13.2.0_20250707/xtensa-esp-elf/bin/../lib/gcc/xtensa-esp-elf/13.2.0/esp32/:/opt/esp/tools/tools/xtensa-esp-elf/esp-13.2.0_20250707/xtensa-esp-elf/bin/../lib/gcc/xtensa-esp-elf/13.2.0/../../../../xtensa-esp-elf/lib/esp32/:/opt/esp/tools/tools/xtensa-esp-elf/esp-13.2.0_20250707/xtensa-esp-elf/bin/../xtensa-esp-elf/lib/esp32/:/opt/esp/tools/tools/xtensa-esp-elf/esp-13.2.0_20250707/xtensa-esp-elf/bin/../lib/gcc/xtensa-esp-elf/13.2.0/:/opt/esp/tools/tools/xtensa-esp-elf/esp-13.2.0_20250707/xtensa-esp-elf/bin/../lib/gcc/:/opt/esp/tools/tools/xtensa-esp-elf/esp-13.2.0_20250707/xtensa-esp-elf/bin/../lib/gcc/xtensa-esp-elf/13.2.0/../../../../xtensa-esp-elf/lib/:/opt/esp/tools/tools/xtensa-esp-elf/esp-13.2.0_20250707/xtensa-esp-elf/bin/../xtensa-esp-elf/lib/:/opt/esp/tools/tools/xtensa-esp-elf/esp-13.2.0_20250707/xtensa-esp-elf/bin/../xtensa-esp-elf/usr/lib/
COLLECT_GCC_OPTIONS='-mdynconfig=xtensa_esp32.so' '-mlongcalls' '-Wno-frame-address' '-fno-builtin-memcpy' '-fno-builtin-memset' '-fno-builtin-bzero' '-fno-builtin-stpcpy' '-fno-builtin-strncpy' '-v' '-o' 'CMakeFiles/cmTC_89d39.dir/CMakeCCompilerABI.c.obj' '-c' '-dumpdir' 'CMakeFiles/cmTC_89d39.dir/CMakeCCompilerABI.c.'
Linking C executable cmTC_89d39
/usr/bin/cmake -E cmake_link_script CMakeFiles/cmTC_89d39.dir/link.txt --verbose=1
/opt/esp/tools/tools/xtensa-esp-elf/esp-13.2.0_20250707/xtensa-esp-elf/bin/xtensa-esp32-elf-gcc -mlongcalls -Wno-frame-address  -fno-builtin-memcpy -fno-builtin-memset -fno-builtin-bzero -fno-builtin-stpcpy -fno-builtin-strncpy   -v CMakeFiles/cmTC_89d39.dir/CMakeCCompilerABI.c.obj -o cmTC_89d39 
Using built-in specs.
COLLECT_GCC=/opt/esp/tools/tools/xtensa-esp-elf/esp-13.2.0_20250707/xtensa-esp-elf/bin/xtensa-esp-elf-gcc
COLLECT_LTO_WRAPPER=/opt/esp/tools/tools/xtensa-esp-elf/esp-13.2.0_20250707/xtensa-esp-elf/bin/../libexec/gcc/xtensa-esp-elf/13.2.0/lto-wrapper
Target: xtensa-esp-elf
Configured with: /builds/idf/crosstool-NG/.build/xtensa-esp-elf/src/gcc/configure --build=x86_64-build_pc-linux-gnu --host=x86_64-build_pc-linux-gnu --target=xtensa-esp-elf --prefix=/builds/idf/crosstool-NG/builds/xtensa-esp-elf --exec_prefix=/builds/idf/crosstool-NG/builds/xtensa-esp-elf --with-local-prefix=/builds/idf/crosstool-NG/builds/xtensa-esp-elf/xtensa-esp-elf --with-sysroot=/builds/idf/crosstool-NG/builds/xtensa-esp-elf/xtensa-esp-elf --with-native-system-header-dir=/include --with-newlib --enable-threads=no --disable-shared --with-pkgversion='crosstool-NG esp-13.2.0_20250707' --disable-__cxa_atexit --enable-cxx-flags='-ffunction-sections -fdata-sections' --disable-libgomp --disable-libmudflap --disable-libmpx --disable-libssp --disable-libquadmath --disable-libquadmath-support --disable-libstdcxx-verbose --with-gmp=/builds/idf/crosstool-NG/.build/xtensa-esp-elf/buildtools --with-mpfr=/builds/idf/crosstool-NG/.build/xtensa-esp-elf/buildtools --with-mpc=/builds/idf/crosstool-NG/.build/xtensa-esp-elf/buildtools --with-isl=/builds/idf/crosstool-NG/.build/xtensa-esp-elf/buildtools --enable-lto --enable-target-optspace --without-long-double-128 --disable-nls --enable-multiarch --enable-languages=c,c++ --disable-libstdcxx-verbose --enable-threads=posix --enable-gcov-custom-rtio --enable-libstdcxx-time=yes
Thread model: posix
Supported LTO compression algorithms: zlib zstd
gcc version 13.2.0 (crosstool-NG esp-13.2.0_20250707) 
COMPILER_PATH=/opt/esp/tools/tools/xtensa-esp-elf/esp-13.2.0_20250707/xtensa-esp-elf/bin/../libexec/gcc/xtensa-esp-elf/13.2.0/:/opt/esp/tools/tools/xtensa-esp-elf/esp-13.2.0_20250707/xtensa-esp-elf/bin/../libexec/gcc/:/opt/esp/tools/tools/xtensa-esp-elf/esp-13.2.0_20250707/xtensa-esp-elf/bin/../lib/gcc/xtensa-esp-elf/13.2.0/../../../../xtensa-esp-elf/bin/
LIBRARY_PATH=/opt/esp/tools/tools/xtensa-esp-elf/esp-13.2.0_20250707/xtensa-esp-elf/bin/../lib/gcc/xtensa-esp-elf/13.2.0/esp32/:/opt/esp/tools/tools/xtensa-esp-elf/esp-13.2.0_20250707/xtensa-esp-elf/bin/../lib/gcc/xtensa-esp-elf/13.2.0/../../../../xtensa-esp-elf/lib/esp32/:/opt/esp/tools/tools/xtensa-esp-elf/esp-13.2.0_20250707/xtensa-esp-elf/bin/../xtensa-esp-elf/lib/esp32/:/opt/esp/tools/tools/xtensa-esp-elf/esp-13.2.0_20250707/xtensa-esp-elf/bin/../lib/gcc/xtensa-esp-elf/13.2.0/:/opt/esp/tools/tools/xtensa-esp-elf/esp-13.2.0_20250707/xtensa-esp-elf/bin/../lib/gcc/:/opt/esp/tools/tools/xtensa-esp-elf/esp-13.2.0_20250707/xtensa-esp-elf/bin/../lib/gcc/xtensa-esp-elf/13.2.0/../../../../xtensa-esp-elf/lib/:/opt/esp/tools/tools/xtensa-esp-elf/esp-13.2.0_20250707/xtensa-esp-elf/bin/../xtensa-esp-elf/lib/:/opt/esp/tools/tools/xtensa-esp-elf/esp-13.2.0_20250707/xtensa-esp-elf/bin/../xtensa-esp-elf/usr/lib/
COLLECT_GCC_OPTIONS='-mdynconfig=xtensa_esp32.so' '-mlongcalls' '-Wno-frame-address' '-fno-builtin-memcpy' '-fno-builtin-memset' '-fno-builtin-bzero' '-fno-builtin-stpcpy' '-fno-builtin-strncpy' '-v' '-o' 'cmTC_89d39' '-dumpdir' 'cmTC_89d39.'
 /opt/esp/tools/tools/xtensa-esp-elf/esp-13.2.0_20250707/xtensa-esp-elf/bin/../libexec/gcc/xtensa-esp-elf/13.2.0/collect2 -plugin /opt/esp/tools/tools/xtensa-esp-elf/esp-13.2.0_20250707/xtensa-esp-elf/bin/../libexec/gcc/xtensa-esp-elf/13.2.0/liblto_plugin.so -plugin-opt=/opt/esp/tools/tools/xtensa-esp-elf/esp-13.2.0_20250707/xtensa-esp-elf/bin/../libexec/gcc/xtensa-esp-elf/13.2.0/lto-wrapper -plugin-opt=-fresolution=/tmp/cc4Gdjp4.res -plugin-opt=-pass-through=-lgcc -plugin-opt=-pass-through=-lc -plugin-opt=-pass-through=-lnosys -plugin-opt=-pass-through=-lc -plugin-opt=-pass-through=-lgcc --sysroot=/opt/esp/tools/tools/xtensa-esp-elf/esp-13.2.0_20250707/xtensa-esp-elf/bin/../xtensa-esp-elf --dynconfig=xtensa_esp32.so -o cmTC_89d39 /opt/esp/tools/tools/xtensa-esp-elf/esp-13.2.0_20250707/xtensa-esp-elf/bin/../lib/gcc/xtensa-esp-elf/13.2.0/../../../../xtensa-esp-elf/lib/esp32/crt0.o /opt/esp/tools/tools/xtensa-esp-elf/esp-13.2.0_20250707/xtensa-esp-elf/bin/../lib/gcc/xtensa-esp-elf/13.2.0/esp32/crti.o /opt/esp/tools/tools/xtensa-esp-elf/esp-13.2.0_20250707/xtensa-esp-elf/bin/../lib/gcc/xtensa-esp-elf/13.2.0/esp32/crtbegin.o -L/opt/esp/tools/tools/xtensa-esp-elf/esp-13.2.0_20250707/xtensa-esp-elf/bin/../lib/gcc/xtensa-esp-elf/13.2.0/esp32 -L/opt/esp/tools/tools/xtensa-esp-elf/esp-13.2.0_20250707/xtensa-esp-elf/bin/../lib/gcc/xtensa-esp-elf/13.2.0/../../../../xtensa-esp-elf/lib/esp32 -L/opt/esp/tools/tools/xtensa-esp-elf/esp-13.2.0_20250707/xtensa-esp-elf/bin/../xtensa-esp-elf/lib/esp32 -L/opt/esp/tools/tools/xtensa-esp-elf/esp-13.2.0_20250707/xtensa-esp-elf/bin/../lib/gcc/xtensa-esp-elf/13.2.0 -L/opt/esp/tools/tools/xtensa-esp-elf/esp-13.2.0_20250707/xtensa-esp-elf/bin/../lib/gcc -L/opt/esp/tools/tools/xtensa-esp-elf/esp-13.2.0_20250707/xtensa-esp-elf/bin/../lib/gcc/xtensa-esp-elf/13.2.0/../../../../xtensa-esp-elf/lib -L/opt/esp/tools/tools/xtensa-esp-elf/esp-13.2.0_20250707/xtensa-esp-elf/bin/../xtensa-esp-elf/lib -L/opt/esp/tools/tools/xtensa-esp-elf/esp-13.2.0_20250707/xtensa-esp-elf/bin/../xtensa-esp-elf/usr/lib CMakeFiles/cmTC_89d39.dir/CMakeCCompilerABI.c.obj -lgcc -lc -lnosys -lc -lgcc /opt/esp/tools/tools/xtensa-esp-elf/esp-13.2.0_20250707/xtensa-esp-elf/bin/../lib/gcc/xtensa-esp-elf/13.2.0/esp32/crtend.o /opt/esp/tools/tools/xtensa-esp-elf/esp-13.2.0_20250707/xtensa-esp-elf/bin/../lib/gcc/xtensa-esp-elf/13.2.0/esp32/crtn.o
COLLECT_GCC_OPTIONS='-mdynconfig=xtensa_esp32.so' '-mlongcalls' '-Wno-frame-address' '-fno-builtin-memcpy' '-fno-builtin-memset' '-fno-builtin-bzero' '-fno-builtin-stpcpy' '-fno-builtin-strncpy' '-v' '-o' 'cmTC_89d39' '-dumpdir' 'cmTC_89d39.'
gmake[1]: Leaving directory '/workspace/vehicle_tracker/build/CMakeFiles/CMakeTmp'



Parsed C implicit include dir info from above output: rv=done
  found start of include info
  found start of implicit include info
    add: [/opt/esp/tools/tools/xtensa-esp-elf/esp-13.2.0_20250707/xtensa-esp-elf/bin/../lib/gcc/xtensa-esp-elf/13.2.0/include]
    add: [/opt/esp/tools/tools/xtensa-esp-elf/esp-13.2.0_20250707/xtensa-esp-elf/bin/../lib/gcc/xtensa-esp-elf/13.2.0/include-fixed]
    add: [/opt/esp/tools/tools/xtensa-esp-elf/esp-13.2.0_20250707/xtensa-esp-elf/bin/../lib/gcc/xtensa-esp-elf/13.2.0/../../../../xtensa-esp-elf/include]
  end of search list found
  collapse include dir [/opt/esp/tools/tools/xtensa-esp-elf/esp-13.2.0_20250707/xtensa-esp-elf/bin/../lib/gcc/xtensa-esp-elf/13.2.0/include] ==> [/opt/esp/tools/tools/xtensa-esp-elf/esp-13.2.0_20250707/xtensa-esp-elf/lib/gcc/xtensa-esp-elf/13.2.0/include]
  collapse include dir [/opt/esp/tools/tools/xtensa-esp-elf/esp-13.2.0_20250707/xtensa-esp-elf/bin/../lib/gcc/xtensa-esp-elf/13.2.0/include-fixed] ==> [/opt/esp/tools/tools/xtensa-esp-elf/esp-13.2.0_20250707/xtensa-esp-elf/lib/gcc/xtensa-esp-elf/13.2.0/include-fixed]
  collapse include dir [/opt/esp/tools/tools/xtensa-esp-elf/esp-13.2.0_20250707/xtensa-esp-elf/bin/../lib/gcc/xtensa-esp-elf/13.2.0/../../../../xtensa-esp-elf/include] ==> [/opt/esp/tools/tools/xtensa-esp-elf/esp-13.2.0_20250707/xtensa-esp-elf/xtensa-esp-elf/include]
  implicit include dirs: [/opt/esp/tools/tools/xtensa-esp-elf/esp-13.2.0_20250707/xtensa-esp-elf/lib/gcc/xtensa-esp-elf/13.2.0/include;/opt/esp/tools/tools/xtensa-esp-elf/esp-13.2.0_20250707/xtensa-esp-elf/lib/gcc/xtensa-esp-elf/13.2.0/include-fixed;/opt/esp/tools/tools/xtensa-esp-elf/esp-13.2.0_20250707/xtensa-esp-elf/xtensa-esp-elf/include]


Parsed C implicit link information from above output:
  link line regex: [^( *|.*[/\])(xtensa-esp32-elf-ld|CMAKE_LINK_STARTFILE-NOTFOUND|([^/\]+-)?ld|collect2)[^/\]*( |$)]
  ignore line: [Change Dir: /workspace/vehicle_tracker/build/CMakeFiles/CMakeTmp]
  ignore line: []
  ignore line: [Run Build Command(s):/usr/bin/gmake -f Makefile cmTC_89d39/fast && /usr/bin/gmake  -f CMakeFiles/cmTC_89d39.dir/build.make CMakeFiles/cmTC_89d39.dir/build]
  ignore line: [gmake[1]: Entering directory '/workspace/vehicle_tracker/build/CMakeFiles/CMakeTmp']
  ignore line: [Building C object CMakeFiles/cmTC_89d39.dir/CMakeCCompilerABI.c.obj]
  ignore line: [/opt/esp/tools/tools/xtensa-esp-elf/esp-13.2.0_20250707/xtensa-esp-elf/bin/xtensa-esp32-elf-gcc   -mlongcalls -Wno-frame-address  -fno-builtin-memcpy -fno-builtin-memset -fno-builtin-bzero -fno-builtin-stpcpy -fno-builtin-strncpy    -v -o CMakeFiles/cmTC_89d39.dir/CMakeCCompilerABI.c.obj -c /usr/share/cmake-3.22/Modules/CMakeCCompilerABI.c]
  ignore line: [Using built-in specs.]
  ignore line: [COLLECT_GCC=/opt/esp/tools/tools/xtensa-esp-elf/esp-13.2.0_20250707/xtensa-esp-elf/bin/xtensa-esp-elf-gcc]
  ignore line: [Target: xtensa-esp-elf]
  ignore line: [Configured with: /builds/idf/crosstool-NG/.build/xtensa-esp-elf/src/gcc/configure --build=x86_64-build_pc-linux-gnu --host=x86_64-build_pc-linux-gnu --target=xtensa-esp-elf --prefix=/builds/idf/crosstool-NG/builds/xtensa-esp-elf --exec_prefix=/builds/idf/crosstool-NG/builds/xtensa-esp-elf --with-local-prefix=/builds/idf/crosstool-NG/builds/xtensa-esp-elf/xtensa-esp-elf --with-sysroot=/builds/idf/crosstool-NG/builds/xtensa-esp-elf/xtensa-esp-elf --with-native-system-header-dir=/include --with-newlib --enable-threads=no --disable-shared --with-pkgversion='crosstool-NG esp-13.2.0_20250707' --disable-__cxa_atexit --enable-cxx-flags='-ffunction-sections -fdata-sections' --disable-libgomp --disable-libmudflap --disable-libmpx --disable-libssp --disable-libquadmath --disable-libquadmath-support --disable-libstdcxx-verbose --with-gmp=/builds/idf/crosstool-NG/.build/xtensa-esp-elf/buildtools --with-mpfr=/builds/idf/crosstool-NG/.build/xtensa-esp-elf/buildtools --with-mpc=/builds/idf/crosstool-NG/.build/xtensa-esp-elf/buildtools --with-isl=/builds/idf/crosstool-NG/.build/xtensa-esp-elf/buildtools --enable-lto --enable-target-optspace --without-long-double-128 --disable-nls --enable-multiarch --enable-languages=c c++ --disable-libstdcxx-verbose --enable-threads=posix --enable-gcov-custom-rtio --enable-libstdcxx-time=yes]
  ignore line: [Thread model: posix]
  ignore line: [Supported LTO compression algorithms: zlib zstd]
  ignore line: [gcc version 13.2.0 (crosstool-NG esp-13.2.0_20250707) ]
  ignore line: [COLLECT_GCC_OPTIONS='-mdynconfig=xtensa_esp32.so' '-mlongcalls' '-Wno-frame-address' '-fno-builtin-memcpy' '-fno-builtin-memset' '-fno-builtin-bzero' '-fno-builtin-stpcpy' '-fno-builtin-strncpy' '-v' '-o' 'CMakeFiles/cmTC_89d39.dir/CMakeCCompilerABI.c.obj' '-c' '-dumpdir' 'CMakeFiles/cmTC_89d39.dir/']
  ignore line: [ /opt/esp/tools/tools/xtensa-esp-elf/esp-13.2.0_20250707/xtensa-esp-elf/bin/../libexec/gcc/xtensa-esp-elf/13.2.0/cc1 -quiet -v -imultilib esp32 -iprefix /opt/esp/tools/tools/xtensa-esp-elf/esp-13.2.0_20250707/xtensa-esp-elf/bin/../lib/gcc/xtensa-esp-elf/13.2.0/ -isysroot /opt/esp/tools/tools/xtensa-esp-elf/esp-13.2.0_20250707/xtensa-esp-elf/bin/../xtensa-esp-elf /usr/share/cmake-3.22/Modules/CMakeCCompilerABI.c -quiet -dumpdir CMakeFiles/cmTC_89d39.dir/ -dumpbase CMakeCCompilerABI.c.c -dumpbase-ext .c -mdynconfig=xtensa_esp32.so -mlongcalls -Wno-frame-address -version -fno-builtin-memcpy -fno-builtin-memset -fno-builtin-bzero -fno-builtin-stpcpy -fno-builtin-strncpy -o /tmp/cc73YgTo.s]
  ignore line: [GNU C17 (crosstool-NG esp-13.2.0_20250707) version 13.2.0 (xtensa-esp-elf)]
  ignore line: [	compiled by GNU C version 4.9.2  GMP version 6.2.1  MPFR version 4.2.1  MPC version 1.2.1  isl version isl-0.26-GMP]
  ignore line: []
  ignore line: [GGC heuristics: --param ggc-min-expand=100 --param ggc-min-heapsize=131072]
  ignore line: [ignoring duplicate directory "/opt/esp/tools/tools/xtensa-esp-elf/esp-13.2.0_20250707/xtensa-esp-elf/bin/../lib/gcc/../../lib/gcc/xtensa-esp-elf/13.2.0/include"]
  ignore line: [ignoring nonexistent directory "/opt/esp/tools/tools/xtensa-esp-elf/esp-13.2.0_20250707/xtensa-esp-elf/bin/../xtensa-esp-elf/builds/idf/crosstool-NG/builds/xtensa-esp-elf/xtensa-esp-elf/include"]
  ignore line: [ignoring duplicate directory "/opt/esp/tools/tools/xtensa-esp-elf/esp-13.2.0_20250707/xtensa-esp-elf/bin/../lib/gcc/../../lib/gcc/xtensa-esp-elf/13.2.0/include-fixed"]
  ignore line: [ignoring duplicate directory "/opt/esp/tools/tools/xtensa-esp-elf/esp-13.2.0_20250707/xtensa-esp-elf/bin/../lib/gcc/../../lib/gcc/xtensa-esp-elf/13.2.0/../../../../xtensa-esp-elf/include"]
  ignore line: [ignoring duplicate directory "/opt/esp/tools/tools/xtensa-esp-elf/esp-13.2.0_20250707/xtensa-esp-elf/bin/../xtensa-esp-elf/include"]
  ignore line: [#include "..." search starts here:]
  ignore line: [#include <...> search starts here:]
  ignore line: [ /opt/esp/tools/tools/xtensa-esp-elf/esp-13.2.0_20250707/xtensa-esp-elf/bin/../lib/gcc/xtensa-esp-elf/13.2.0/include]
  ignore line: [ /opt/esp/tools/tools/xtensa-esp-elf/esp-13.2.0_20250707/xtensa-esp-elf/bin/../lib/gcc/xtensa-esp-elf/13.2.0/include-fixed]
  ignore line: [ /opt/esp/tools/tools/xtensa-esp-elf/esp-13.2.0_20250707/xtensa-esp-elf/bin/../lib/gcc/xtensa-esp-elf/13.2.0/../../../../xtensa-esp-elf/include]
  ignore line: [End of search list.]
  ignore line: [Compiler executable checksum: bf6e4f381f6eced3fd7e4a00baedeb5c]
  ignore line: [COLLECT_GCC_OPTIONS='-mdynconfig=xtensa_esp32.so' '-mlongcalls' '-Wno-frame-address' '-fno-builtin-memcpy' '-fno-builtin-memset' '-fno-builtin-bzero' '-fno-builtin-stpcpy' '-fno-builtin-strncpy' '-v' '-o' 'CMakeFiles/cmTC_89d39.dir/CMakeCCompilerABI.c.obj' '-c' '-dumpdir' 'CMakeFiles/cmTC_89d39.dir/']
  ignore line: [ /opt/esp/tools/tools/xtensa-esp-elf/esp-13.2.0_20250707/xtensa-esp-elf/bin/../lib/gcc/xtensa-esp-elf/13.2.0/../../../../xtensa-esp-elf/bin/as --traditional-format --longcalls --dynconfig=xtensa_esp32.so -o CMakeFiles/cmTC_89d39.dir/CMakeCCompilerABI.c.obj /tmp/cc73YgTo.s]
  ignore line: [COMPILER_PATH=/opt/esp/tools/tools/xtensa-esp-elf/esp-13.2.0_20250707/xtensa-esp-elf/bin/../libexec/gcc/xtensa-esp-elf/13.2.0/:/opt/esp/tools/tools/xtensa-esp-elf/esp-13.2.0_20250707/xtensa-esp-elf/bin/../libexec/gcc/:/opt/esp/tools/tools/xtensa-esp-elf/esp-13.2.0_20250707/xtensa-esp-elf/bin/../lib/gcc/xtensa-esp-elf/13.2.0/../../../../xtensa-esp-elf/bin/]
  ignore line: [LIBRARY_PATH=/opt/esp/tools/tools/xtensa-esp-elf/esp-13.2.0_20250707/xtensa-esp-elf/bin/../lib/gcc/xtensa-esp-elf/13.2.0/esp32/:/opt/esp/tools/tools/xtensa-esp-elf/esp-13.2.0_20250707/xtensa-esp-elf/bin/../lib/gcc/xtensa-esp-elf/13.2.0/../../../../xtensa-esp-elf/lib/esp32/:/opt/esp/tools/tools/xtensa-esp-elf/esp-13.2.0_20250707/xtensa-esp-elf/bin/../xtensa-esp-elf/lib/esp32/:/opt/esp/tools/tools/xtensa-esp-elf/esp-13.2.0_20250707/xtensa-esp-elf/bin/../lib/gcc/xtensa-esp-elf/13.2.0/:/opt/esp/tools/tools/xtensa-esp-elf/esp-13.2.0_20250707/xtensa-esp-elf/bin/../lib/gcc/:/opt/esp/tools/tools/xtensa-esp-elf/esp-13.2.0_20250707/xtensa-esp-elf/bin/../lib/gcc/xtensa-esp-elf/13.2.0/../../../../xtensa-esp-elf/lib/:/opt/esp/tools/tools/xtensa-esp-elf/esp-13.2.0_20250707/xtensa-esp-elf/bin/../xtensa-esp-elf/lib/:/opt/esp/tools/tools/xtensa-esp-elf/esp-13.2.0_20250707/xtensa-esp-elf/bin/../xtensa-esp-elf/usr/lib/]
  ignore line: [COLLECT_GCC_OPTIONS='-mdynconfig=xtensa_esp32.so' '-mlongcalls' '-Wno-frame-address' '-fno-builtin-memcpy' '-fno-builtin-memset' '-fno-builtin-bzero' '-fno-builtin-stpcpy' '-fno-builtin-strncpy' '-v' '-o' 'CMakeFiles/cmTC_89d39.dir/CMakeCCompilerABI.c.obj' '-c' '-dumpdir' 'CMakeFiles/cmTC_89d39.dir/CMakeCCompilerABI.c.']
  ignore line: [Linking C executable cmTC_89d39]
  ignore line: [/usr/bin/cmake -E cmake_link_script CMakeFiles/cmTC_89d39.dir/link.txt --verbose=1]
  ignore line: [/opt/esp/tools/tools/xtensa-esp-elf/esp-13.2.0_20250707/xtensa-esp-elf/bin/xtensa-esp32-elf-gcc -mlongcalls -Wno-frame-address  -fno-builtin-memcpy -fno-builtin-memset -fno-builtin-bzero -fno-builtin-stpcpy -fno-builtin-strncpy   -v CMakeFiles/cmTC_89d39.dir/CMakeCCompilerABI.c.obj -o cmTC_89d39 ]
  ignore line: [Using built-in specs.]
  ignore line: [COLLECT_GCC=/opt/esp/tools/tools/xtensa-esp-elf/esp-13.2.0_20250707/xtensa-esp-elf/bin/xtensa-esp-elf-gcc]
  ignore line: [COLLECT_LTO_WRAPPER=/opt/esp/tools/tools/xtensa-esp-elf/esp-13.2.0_20250707/xtensa-esp-elf/bin/../libexec/gcc/xtensa-esp-elf/13.2.0/lto-wrapper]
  ignore line: [Target: xtensa-esp-elf]
  ignore line: [Configured with: /builds/idf/crosstool-NG/.build/xtensa-esp-elf/src/gcc/configure --build=x86_64-build_pc-linux-gnu --host=x86_64-build_pc-linux-gnu --target=xtensa-esp-elf --prefix=/builds/idf/crosstool-NG/builds/xtensa-esp-elf --exec_prefix=/builds/idf/crosstool-NG/builds/xtensa-esp-elf --with-local-prefix=/builds/idf/crosstool-NG/builds/xtensa-esp-elf/xtensa-esp-elf --with-sysroot=/builds/idf/crosstool-NG/builds/xtensa-esp-elf/xtensa-esp-elf --with-native-system-header-dir=/include --with-newlib --enable-threads=no --disable-shared --with-pkgversion='crosstool-NG esp-13.2.0_20250707' --disable-__cxa_atexit --enable-cxx-flags='-ffunction-sections -fdata-sections' --disable-libgomp --disable-libmudflap --disable-libmpx --disable-libssp --disable-libquadmath --disable-libquadmath-support --disable-libstdcxx-verbose --with-gmp=/builds/idf/crosstool-NG/.build/xtensa-esp-elf/buildtools --with-mpfr=/builds/idf/crosstool-NG/.build/xtensa-esp-elf/buildtools --with-mpc=/builds/idf/crosstool-NG/.build/xtensa-esp-elf/buildtools --with-isl=/builds/idf/crosstool-NG/.build/xtensa-esp-elf/buildtools --enable-lto --enable-target-optspace --without-long-double-128 --disable-nls --enable-multiarch --enable-languages=c c++ --disable-libstdcxx-verbose --enable-threads=posix --enable-gcov-custom-rtio --enable-libstdcxx-time=yes]
  ignore line: [Thread model: posix]
  ignore line: [Supported LTO compression algorithms: zlib zstd]
  ignore line: [gcc version 13.2.0 (crosstool-NG esp-13.2.0_20250707) ]
  ignore line: [COMPILER_PATH=/opt/esp/tools/tools/xtensa-esp-elf/esp-13.2.0_20250707/xtensa-esp-elf/bin/../libexec/gcc/xtensa-esp-elf/13.2.0/:/opt/esp/tools/tools/xtensa-esp-elf/esp-13.2.0_20250707/xtensa-esp-elf/bin/../libexec/gcc/:/opt/esp/tools/tools/xtensa-esp-elf/esp-13.2.0_20250707/xtensa-esp-elf/bin/../lib/gcc/xtensa-esp-elf/13.2.0/../../../../xtensa-esp-elf/bin/]
  ignore line: [LIBRARY_PATH=/opt/esp/tools/tools/xtensa-esp-elf/esp-13.2.0_20250707/xtensa-esp-elf/bin/../lib/gcc/xtensa-esp-elf/13.2.0/esp32/:/opt/esp/tools/tools/xtensa-esp-elf/esp-13.2.0_20250707/xtensa-esp-elf/bin/../lib/gcc/xtensa-esp-elf/13.2.0/../../../../xtensa-esp-elf/lib/esp32/:/opt/esp/tools/tools/xtensa-esp-elf/esp-13.2.0_20250707/xtensa-esp-elf/bin/../xtensa-esp-elf/lib/esp32/:/opt/esp/tools/tools/xtensa-esp-elf/esp-13.2.0_20250707/xtensa-esp-elf/bin/../lib/gcc/xtensa-esp-elf/13.2.0/:/opt/esp/tools/tools/xtensa-esp-elf/esp-13.2.0_20250707/xtensa-esp-elf/bin/../lib/gcc/:/opt/esp/tools/tools/xtensa-esp-elf/esp-13.2.0_20250707/xtensa-esp-elf/bin/../lib/gcc/xtensa-esp-elf/13.2.0/../../../../xtensa-esp-elf/lib/:/opt/esp/tools/tools/xtensa-esp-elf/esp-13.2.0_20250707/xtensa-esp-elf/bin/../xtensa-esp-elf/lib/:/opt/esp/tools/tools/xtensa-esp-elf/esp-13.2.0_20250707/xtensa-esp-elf/bin/../xtensa-esp-elf/usr/lib/]
  ignore line: [COLLECT_GCC_OPTIONS='-mdynconfig=xtensa_esp32.so' '-mlongcalls' '-Wno-frame-address' '-fno-builtin-memcpy' '-fno-builtin-memset' '-fno-builtin-bzero' '-fno-builtin-stpcpy' '-fno-builtin-strncpy' '-v' '-o' 'cmTC_89d39' '-dumpdir' 'cmTC_89d39.']
  link line: [ /opt/esp/tools/tools/xtensa-esp-elf/esp-13.2.0_20250707/xtensa-esp-elf/bin/../libexec/gcc/xtensa-esp-elf/13.2.0/collect2 -plugin /opt/esp/tools/tools/xtensa-esp-elf/esp-13.2.0_20250707/xtensa-esp-elf/bin/../libexec/gcc/xtensa-esp-elf/13.2.0/liblto_plugin.so -plugin-opt=/opt/esp/tools/tools/xtensa-esp-elf/esp-13.2.0_20250707/xtensa-esp-elf/bin/../libexec/gcc/xtensa-esp-elf/13.2.0/lto-wrapper -plugin-opt=-fresolution=/tmp/cc4Gdjp4.res -plugin-opt=-pass-through=-lgcc -plugin-opt=-pass-through=-lc -plugin-opt=-pass-through=-lnosys -plugin-opt=-pass-through=-lc -plugin-opt=-pass-through=-lgcc --sysroot=/opt/esp/tools/tools/xtensa-esp-elf/esp-13.2.0_20250707/xtensa-esp-elf/bin/../xtensa-esp-elf --dynconfig=xtensa_esp32.so -o cmTC_89d39 /opt/esp/tools/tools/xtensa-esp-elf/esp-13.2.0_20250707/xtensa-esp-elf/bin/../lib/gcc/xtensa-esp-elf/13.2.0/../../../../xtensa-esp-elf/lib/esp32/crt0.o /opt/esp/tools/tools/xtensa-esp-elf/esp-13.2.0_20250707/xtensa-esp-elf/bin/../lib/gcc/xtensa-esp-elf/13.2.0/esp32/crti.o /opt/esp/tools/tools/xtensa-esp-elf/esp-13.2.0_20250707/xtensa-esp-elf/bin/../lib/gcc/xtensa-esp-elf/13.2.0/esp32/crtbegin.o -L/opt/esp/tools/tools/xtensa-esp-elf/esp-13.2.0_20250707/xtensa-esp-elf/bin/../lib/gcc/xtensa-esp-elf/13.2.0/esp32 -L/opt/esp/tools/tools/xtensa-esp-elf/esp-13.2.0_20250707/xtensa-esp-elf/bin/../lib/gcc/xtensa-esp-elf/13.2.0/../../../../xtensa-esp-elf/lib/esp32 -L/opt/esp/tools/tools/xtensa-esp-elf/esp-13.2.0_20250707/xtensa-esp-elf/bin/../xtensa-esp-elf/lib/esp32 -L/opt/esp/tools/tools/xtensa-esp-elf/esp-13.2.0_20250707/xtensa-esp-elf/bin/../lib/gcc/xtensa-esp-elf/13.2.0 -L/opt/esp/tools/tools/xtensa-esp-elf/esp-13.2.0_20250707/xtensa-esp-elf/bin/../lib/gcc -L/opt/esp/tools/tools/xtensa-esp-elf/esp-13.2.0_20250707/xtensa-esp-elf/bin/../lib/gcc/xtensa-esp-elf/13.2.0/../../../../xtensa-esp-elf/lib -L/opt/esp/tools/tools/xtensa-esp-elf/esp-13.2.0_20250707/xtensa-esp-elf/bin/../xtensa-esp-elf/lib -L/opt/esp/tools/tools/xtensa-esp-elf/esp-13.2.0_20250707/xtensa-esp-elf/bin/../xtensa-esp-elf/usr/lib CMakeFiles/cmTC_89d39.dir/CMakeCCompilerABI.c.obj -lgcc -lc -lnosys -lc -lgcc /opt/esp/tools/tools/xtensa-esp-elf/esp-13.2.0_20250707/xtensa-esp-elf/bin/../lib/gcc/xtensa-esp-elf/13.2.0/esp32/crtend.o /opt/esp/tools/tools/xtensa-esp-elf/esp-13.2.0_20250707/xtensa-esp-elf/bin/../lib/gcc/xtensa-esp-elf/13.2.0/esp32/crtn.o]
    arg [/opt/esp/tools/tools/xtensa-esp-elf/esp-13.2.0_20250707/xtensa-esp-elf/bin/../libexec/gcc/xtensa-esp-elf/13.2.0/collect2] ==> ignore
    arg [-plugin] ==> ignore
    arg [/opt/esp/tools/tools/xtensa-esp-elf/esp-13.2.0_20250707/xtensa-esp-elf/bin/../libexec/gcc/xtensa-esp-elf/13.2.0/liblto_plugin.so] ==> ignore
    arg [-plugin-opt=/opt/esp/tools/tools/xtensa-esp-elf/esp-13.2.0_20250707/xtensa-esp-elf/bin/../libexec/gcc/xtensa-esp-elf/13.2.0/lto-wrapper] ==> ignore
    arg [-plugin-opt=-fresolution=/tmp/cc4Gdjp4.res] ==> ignore
    arg [-plugin-opt=-pass-through=-lgcc] ==> ignore
    arg [-plugin-opt=-pass-through=-lc] ==> ignore
    arg [-plugin-opt=-pass-through=-lnosys] ==> ignore
    arg [-plugin-opt=-pass-through=-lc] ==> ignore
    arg [-plugin-opt=-pass-through=-lgcc] ==> ignore
    arg [--sysroot=/opt/esp/tools/tools/xtensa-esp-elf/esp-13.2.0_20250707/xtensa-esp-elf/bin/../xtensa-esp-elf] ==> ignore
    arg [--dynconfig=xtensa_esp32.so] ==> ignore
    arg [-o] ==> ignore
    arg [cmTC_89d39] ==> ignore
    arg [/opt/esp/tools/tools/xtensa-esp-elf/esp-13.2.0_20250707/xtensa-esp-elf/bin/../lib/gcc/xtensa-esp-elf/13.2.0/../../../../xtensa-esp-elf/lib/esp32/crt0.o] ==> obj [/opt/esp/tools/tools/xtensa-esp-elf/esp-13.2.0_20250707/xtensa-esp-elf/bin/../lib/gcc/xtensa-esp-elf/13.2.0/../../../../xtensa-esp-elf/lib/esp32/crt0.o]
    arg [/opt/esp/tools/tools/xtensa-esp-elf/esp-13.2.0_20250707/xtensa-esp-elf/bin/../lib/gcc/xtensa-esp-elf/13.2.0/esp32/crti.o] ==> obj [/opt/esp/tools/tools/xtensa-esp-elf/esp-13.2.0_20250707/xtensa-esp-elf/bin/../lib/gcc/xtensa-esp-elf/13.2.0/esp32/crti.o]
    arg [/opt/esp/tools/tools/xtensa-esp-elf/esp-13.2.0_20250707/xtensa-esp-elf/bin/../lib/gcc/xtensa-esp-elf/13.2.0/esp32/crtbegin.o] ==> obj [/opt/esp/tools/tools/xtensa-esp-elf/esp-13.2.0_20250707/xtensa-esp-elf/bin/../lib/gcc/xtensa-esp-elf/13.2.0/esp32/crtbegin.o]
    arg [-L/opt/esp/tools/tools/xtensa-esp-elf/esp-13.2.0_20250707/xtensa-esp-elf/bin/../lib/gcc/xtensa-esp-elf/13.2.0/esp32] ==> dir [/opt/esp/tools/tools/xtensa-esp-elf/esp-13.2.0_20250707/xtensa-esp-elf/bin/../lib/gcc/xtensa-esp-elf/13.2.0/esp32]
    arg [-L/opt/esp/tools/tools/xtensa-esp-elf/esp-13.2.0_20250707/xtensa-esp-elf/bin/../lib/gcc/xtensa-esp-elf/13.2.0/../../../../xtensa-esp-elf/lib/esp32] ==> dir [/opt/esp/tools/tools/xtensa-esp-elf/esp-13.2.0_20250707/xtensa-esp-elf/bin/../lib/gcc/xtensa-esp-elf/13.2.0/../../../../xtensa-esp-elf/lib/esp32]
    arg [-L/opt/esp/tools/tools/xtensa-esp-elf/esp-13.2.0_20250707/xtensa-esp-elf/bin/../xtensa-esp-elf/lib/esp32] ==> dir [/opt/esp/tools/tools/xtensa-esp-elf/esp-13.2.0_20250707/xtensa-esp-elf/bin/../xtensa-esp-elf/lib/esp32]
    arg [-L/opt/esp/tools/tools/xtensa-esp-elf/esp-13.2.0_20250707/xtensa-esp-elf/bin/../lib/gcc/xtensa-esp-elf/13.2.0] ==> dir [/opt/esp/tools/tools/xtensa-esp-elf/esp-13.2.0_20250707/xtensa-esp-elf/bin/../lib/gcc/xtensa-esp-elf/13.2.0]
    arg [-L/opt/esp/tools/tools/xtensa-esp-elf/esp-13.2.0_20250707/xtensa-esp-elf/bin/../lib/gcc] ==> dir [/opt/esp/tools/tools/xtensa-esp-elf/esp-13.2.0_20250707/xtensa-esp-elf/bin/../lib/gcc]
    arg [-L/opt/esp/tools/tools/xtensa-esp-elf/esp-13.2.0_20250707/xtensa-esp-elf/bin/../lib/gcc/xtensa-esp-elf/13.2.0/../../../../xtensa-esp-elf/lib] ==> dir [/opt/esp/tools/tools/xtensa-esp-elf/esp-13.2.0_20250707/xtensa-esp-elf/bin/../lib/gcc/xtensa-esp-elf/13.2.0/../../../../xtensa-esp-elf/lib]
    arg [-L/opt/esp/tools/tools/xtensa-esp-elf/esp-13.2.0_20250707/xtensa-esp-elf/bin/../xtensa-esp-elf/lib] ==> dir [/opt/esp/tools/tools/xtensa-esp-elf/esp-13.2.0_20250707/xtensa-esp-elf/bin/../xtensa-esp-elf/lib]
    arg [-L/opt/esp/tools/tools/xtensa-esp-elf/esp-13.2.0_20250707/xtensa-esp-elf/bin/../xtensa-esp-elf/usr/lib] ==> dir [/opt/esp/tools/tools/xtensa-esp-elf/esp-13.2.0_20250707/xtensa-esp-elf/bin/../xtensa-esp-elf/usr/lib]
    arg [CMakeFiles/cmTC_89d39.dir/CMakeCCompilerABI.c.obj] ==> ignore
    arg [-lgcc] ==> lib [gcc]
    arg [-lc] ==> lib [c]
    arg [-lnosys] ==> lib [nosys]
    arg [-lc] ==> lib [c]
    arg [-lgcc] ==> lib [gcc]
    arg [/opt/esp/tools/tools/xtensa-esp-elf/esp-13.2.0_20250707/xtensa-esp-elf/bin/../lib/gcc/xtensa-esp-elf/13.2.0/esp32/crtend.o] ==> obj [/opt/esp/tools/tools/xtensa-esp-elf/esp-13.2.0_20250707/xtensa-esp-elf/bin/../lib/gcc/xtensa-esp-elf/13.2.0/esp32/crtend.o]
    arg [/opt/esp/tools/tools/xtensa-esp-elf/esp-13.2.0_20250707/xtensa-esp-elf/bin/../lib/gcc/xtensa-esp-elf/13.2.0/esp32/crtn.o] ==> obj [/opt/esp/tools/tools/xtensa-esp-elf/esp-13.2.0_20250707/xtensa-esp-elf/bin/../lib/gcc/xtensa-esp-elf/13.2.0/esp32/crtn.o]
  collapse obj [/opt/esp/tools/tools/xtensa-esp-elf/esp-13.2.0_20250707/xtensa-esp-elf/bin/../lib/gcc/xtensa-esp-elf/13.2.0/../../../../xtensa-esp-elf/lib/esp32/crt0.o] ==> [/opt/esp/tools/tools/xtensa-esp-elf/esp-13.2.0_20250707/xtensa-esp-elf/xtensa-esp-elf/lib/esp32/crt0.o]
  collapse obj [/opt/esp/tools/tools/xtensa-esp-elf/esp-13.2.0_20250707/xtensa-esp-elf/bin/../lib/gcc/xtensa-esp-elf/13.2.0/esp32/crti.o] ==> [/opt/esp/tools/tools/xtensa-esp-elf/esp-13.2.0_20250707/xtensa-esp-elf/lib/gcc/xtensa-esp-elf/13.2.0/esp32/crti.o]
  collapse obj [/opt/esp/tools/tools/xtensa-esp-elf/esp-13.2.0_20250707/xtensa-esp-elf/bin/../lib/gcc/xtensa-esp-elf/13.2.0/esp32/crtbegin.o] ==> [/opt/esp/tools/tools/xtensa-esp-elf/esp-13.2.0_20250707/xtensa-esp-elf/lib/gcc/xtensa-esp-elf/13.2.0/esp32/crtbegin.o]
  collapse obj [/opt/esp/tools/tools/xtensa-esp-elf/esp-13.2.0_20250707/xtensa-esp-elf/bin/../lib/gcc/xtensa-esp-elf/13.2.0/esp32/crtend.o] ==> [/opt/esp/tools/tools/xtensa-esp-elf/esp-13.2.0_20250707/xtensa-esp-elf/lib/gcc/xtensa-esp-elf/13.2.0/esp32/crtend.o]
  collapse obj [/opt/esp/tools/tools/xtensa-esp-elf/esp-13.2.0_20250707/xtensa-esp-elf/bin/../lib/gcc/xtensa-esp-elf/13.2.0/esp32/crtn.o] ==> [/opt/esp/tools/tools/xtensa-esp-elf/esp-13.2.0_20250707/xtensa-esp-elf/lib/gcc/xtensa-esp-elf/13.2.0/esp32/crtn.o]
  collapse library dir [/opt/esp/tools/tools/xtensa-esp-elf/esp-13.2.0_20250707/xtensa-esp-elf/bin/../lib/gcc/xtensa-esp-elf/13.2.0/esp32] ==> [/opt/esp/tools/tools/xtensa-esp-elf/esp-13.2.0_20250707/xtensa-esp-elf/lib/gcc/xtensa-esp-elf/13.2.0/esp32]
  collapse library dir [/opt/esp/tools/tools/xtensa-esp-elf/esp-13.2.0_20250707/xtensa-esp-elf/bin/../lib/gcc/xtensa-esp-elf/13.2.0/../../../../xtensa-esp-elf/lib/esp32] ==> [/opt/esp/tools/tools/xtensa-esp-elf/esp-13.2.0_20250707/xtensa-esp-elf/xtensa-esp-elf/lib/esp32]
  collapse library dir [/opt/esp/tools/tools/xtensa-esp-elf/esp-13.2.0_20250707/xtensa-esp-elf/bin/../xtensa-esp-elf/lib/esp32] ==> [/opt/esp/tools/tools/xtensa-esp-elf/esp-13.2.0_20250707/xtensa-esp-elf/xtensa-esp-elf/lib/esp32]
  collapse library dir [/opt/esp/tools/tools/xtensa-esp-elf/esp-13.2.0_20250707/xtensa-esp-elf/bin/../lib/gcc/xtensa-esp-elf/13.2.0] ==> [/opt/esp/tools/tools/xtensa-esp-elf/esp-13.2.0_20250707/xtensa-esp-elf/lib/gcc/xtensa-esp-elf/13.2.0]
  collapse library dir [/opt/esp/tools/tools/xtensa-esp-elf/esp-13.2.0_20250707/xtensa-esp-elf/bin/../lib/gcc] ==> [/opt/esp/tools/tools/xtensa-esp-elf/esp-13.2.0_20250707/xtensa-esp-elf/lib/gcc]
  collapse library dir [/opt/esp/tools/tools/xtensa-esp-elf/esp-13.2.0_20250707/xtensa-esp-elf/bin/../lib/gcc/xtensa-esp-elf/13.2.0/../../../../xtensa-esp-elf/lib] ==> [/opt/esp/tools/tools/xtensa-esp-elf/esp-13.2.0_20250707/xtensa-esp-elf/xtensa-esp-elf/lib]
  collapse library dir [/opt/esp/tools/tools/xtensa-esp-elf/esp-13.2.0_20250707/xtensa-esp-elf/bin/../xtensa-esp-elf/lib] ==> [/opt/esp/tools/tools/xtensa-esp-elf/esp-13.2.0_20250707/xtensa-esp-elf/xtensa-esp-elf/lib]
  collapse library dir [/opt/esp/tools/tools/xtensa-esp-elf/esp-13.2.0_20250707/xtensa-esp-elf/bin/../xtensa-esp-elf/usr/lib] ==> [/opt/esp/tools/tools/xtensa-esp-elf/esp-13.2.0_20250707/xtensa-esp-elf/xtensa-esp-elf/usr/lib]
  implicit libs: [gcc;c;nosys;c;gcc]
  implicit objs: [/opt/esp/tools/tools/xtensa-esp-elf/esp-13.2.0_20250707/xtensa-esp-elf/xtensa-esp-elf/lib/esp32/crt0.o;/opt/esp/tools/tools/xtensa-esp-elf/esp-13.2.0_20250707/xtensa-esp-elf/lib/gcc/xtensa-esp-elf/13.2.0/esp32/crti.o;/opt/esp/tools/tools/xtensa-esp-elf/esp-13.2.0_20250707/xtensa-esp-elf/lib/gcc/xtensa-esp-elf/13.2.0/esp32/crtbegin.o;/opt/esp/tools/tools/xtensa-esp-elf/esp-13.2.0_20250707/xtensa-esp-elf/lib/gcc/xtensa-esp-elf/13.2.0/esp32/crtend.o;/opt/esp/tools/tools/xtensa-esp-elf/esp-13.2.0_20250707/xtensa-esp-elf/lib/gcc/xtensa-esp-elf/13.2.0/esp32/crtn.o]
  implicit dirs: [/opt/esp/tools/tools/xtensa-esp-elf/esp-13.2.0_20250707/xtensa-esp-elf/lib/gcc/xtensa-esp-elf/13.2.0/esp32;/opt/esp/tools/tools/xtensa-esp-elf/esp-13.2.0_20250707/xtensa-esp-elf/xtensa-esp-elf/lib/esp32;/opt/esp/tools/tools/xtensa-esp-elf/esp-13.2.0_20250707/xtensa-esp-elf/lib/gcc/xtensa-esp-elf/13.2.0;/opt/esp/tools/tools/xtensa-esp-elf/esp-13.2.0_20250707/xtensa-esp-elf/lib/gcc;/opt/esp/tools/tools/xtensa-esp-elf/esp-13.2.0_20250707/xtensa-esp-elf/xtensa-esp-elf/lib;/opt/esp/tools/tools/xtensa-esp-elf/esp-13.2.0_20250707/xtensa-esp-elf/xtensa-esp-elf/usr/lib]
  implicit fwks: []


Detecting CXX compiler ABI info compiled with the following output:
Change Dir: /workspace/vehicle_tracker/build/CMakeFiles/CMakeTmp

Run Build Command(s):/usr/bin/gmake -f Makefile cmTC_1dcab/fast && /usr/bin/gmake  -f CMakeFiles/cmTC_1dcab.dir/build.make CMakeFiles/cmTC_1dcab.dir/build
gmake[1]: Entering directory '/workspace/vehicle_tracker/build/CMakeFiles/CMakeTmp'
Building CXX object CMakeFiles/cmTC_1dcab.dir/CMakeCXXCompilerABI.cpp.obj
/opt/esp/tools/tools/xtensa-esp-elf/esp-13.2.0_20250707/xtensa-esp-elf/bin/xtensa-esp32-elf-g++   -mlongcalls -Wno-frame-address  -fno-builtin-memcpy -fno-builtin-memset -fno-builtin-bzero -fno-builtin-stpcpy -fno-builtin-strncpy    -v -o CMakeFiles/cmTC_1dcab.dir/CMakeCXXCompilerABI.cpp.obj -c /usr/share/cmake-3.22/Modules/CMakeCXXCompilerABI.cpp
Using built-in specs.
COLLECT_GCC=/opt/esp/tools/tools/xtensa-esp-elf/esp-13.2.0_20250707/xtensa-esp-elf/bin/xtensa-esp-elf-g++
Target: xtensa-esp-elf
Configured with: /builds/idf/crosstool-NG/.build/xtensa-esp-elf/src/gcc/configure --build=x86_64-build_pc-linux-gnu --host=x86_64-build_pc-linux-gnu --target=xtensa-esp-elf --prefix=/builds/idf/crosstool-NG/builds/xtensa-esp-elf --exec_prefix=/builds/idf/crosstool-NG/builds/xtensa-esp-elf --with-local-prefix=/builds/idf/crosstool-NG/builds/xtensa-esp-elf/xtensa-esp-elf --with-sysroot=/builds/idf/crosstool-NG/builds/xtensa-esp-elf/xtensa-esp-elf --with-native-system-header-dir=/include --with-newlib --enable-threads=no --disable-shared --with-pkgversion='crosstool-NG esp-13.2.0_20250707' --disable-__cxa_atexit --enable-cxx-flags='-ffunction-sections -fdata-sections' --disable-libgomp --disable-libmudflap --disable-libmpx --disable-libssp --disable-libquadmath --disable-libquadmath-support --disable-libstdcxx-verbose --with-gmp=/builds/idf/crosstool-NG/.build/xtensa-esp-elf/buildtools --with-mpfr=/builds/idf/crosstool-NG/.build/xtensa-esp-elf/buildtools --with-mpc=/builds/idf/crosstool-NG/.build/xtensa-esp-elf/buildtools --with-isl=/builds/idf/crosstool-NG/.build/xtensa-esp-elf/buildtools --enable-lto --enable-target-optspace --without-long-double-128 --disable-nls --enable-multiarch --enable-languages=c,c++ --disable-libstdcxx-verbose --enable-threads=posix --enable-gcov-custom-rtio --enable-libstdcxx-time=yes
Thread model: posix
Supported LTO compression algorithms: zlib zstd
gcc version 13.2.0 (crosstool-NG esp-13.2.0_20250707) 
COLLECT_GCC_OPTIONS='-mdynconfig=xtensa_esp32.so' '-mlongcalls' '-Wno-frame-address' '-fno-builtin-memcpy' '-fno-builtin-memset' '-fno-builtin-bzero' '-fno-builtin-stpcpy' '-fno-builtin-strncpy' '-v' '-o' 'CMakeFiles/cmTC_1dcab.dir/CMakeCXXCompilerABI.cpp.obj' '-c' '-dumpdir' 'CMakeFiles/cmTC_1dcab.dir/'
 /opt/esp/tools/tools/xtensa-esp-elf/esp-13.2.0_20250707/xtensa-esp-elf/bin/../libexec/gcc/xtensa-esp-elf/13.2.0/cc1plus -quiet -v -imultilib esp32 -iprefix /opt/esp/tools/tools/xtensa-esp-elf/esp-13.2.0_20250707/xtensa-esp-elf/bin/../lib/gcc/xtensa-esp-elf/13.2.0/ -isysroot /opt/esp/tools/tools/xtensa-esp-elf/esp-13.2.0_20250707/xtensa-esp-elf/bin/../xtensa-esp-elf /usr/share/cmake-3.22/Modules/CMakeCXXCompilerABI.cpp -quiet -dumpdir CMakeFiles/cmTC_1dcab.dir/ -dumpbase CMakeCXXCompilerABI.cpp.cpp -dumpbase-ext .cpp -mdynconfig=xtensa_esp32.so -mlongcalls -Wno-frame-address -version -fno-builtin-memcpy -fno-builtin-memset -fno-builtin-bzero -fno-builtin-stpcpy -fno-builtin-strncpy -o /tmp/ccRQCmNE.s
GNU C++17 (crosstool-NG esp-13.2.0_20250707) version 13.2.0 (xtensa-esp-elf)
	compiled by GNU C version 4.9.2, GMP version 6.2.1, MPFR version 4.2.1, MPC version 1.2.1, isl version isl-0.26-GMP

GGC heuristics: --param ggc-min-expand=100 --param ggc-min-heapsize=131072
ignoring duplicate directory "/opt/esp/tools/tools/xtensa-esp-elf/esp-13.2.0_20250707/xtensa-esp-elf/bin/../lib/gcc/../../lib/gcc/xtensa-esp-elf/13.2.0/../../../../xtensa-esp-elf/include/c++/13.2.0"
ignoring duplicate directory "/opt/esp/tools/tools/xtensa-esp-elf/esp-13.2.0_20250707/xtensa-esp-elf/bin/../lib/gcc/../../lib/gcc/xtensa-esp-elf/13.2.0/../../../../xtensa-esp-elf/include/c++/13.2.0/xtensa-esp-elf/esp32"
ignoring duplicate directory "/opt/esp/tools/tools/xtensa-esp-elf/esp-13.2.0_20250707/xtensa-esp-elf/bin/../lib/gcc/../../lib/gcc/xtensa-esp-elf/13.2.0/../../../../xtensa-esp-elf/include/c++/13.2.0/backward"
ignoring duplicate directory "/opt/esp/tools/tools/xtensa-esp-elf/esp-13.2.0_20250707/xtensa-esp-elf/bin/../lib/gcc/../../lib/gcc/xtensa-esp-elf/13.2.0/include"
ignoring nonexistent directory "/opt/esp/tools/tools/xtensa-esp-elf/esp-13.2.0_20250707/xtensa-esp-elf/bin/../xtensa-esp-elf/builds/idf/crosstool-NG/builds/xtensa-esp-elf/xtensa-esp-elf/include"
ignoring duplicate directory "/opt/esp/tools/tools/xtensa-esp-elf/esp-13.2.0_20250707/xtensa-esp-elf/bin/../lib/gcc/../../lib/gcc/xtensa-esp-elf/13.2.0/include-fixed"
ignoring duplicate directory "/opt/esp/tools/tools/xtensa-esp-elf/esp-13.2.0_20250707/xtensa-esp-elf/bin/../lib/gcc/../../lib/gcc/xtensa-esp-elf/13.2.0/../../../../xtensa-esp-elf/include"
ignoring duplicate directory "/opt/esp/tools/tools/xtensa-esp-elf/esp-13.2.0_20250707/xtensa-esp-elf/bin/../xtensa-esp-elf/include"
#include "..." search starts here:
#include <...> search starts here:
 /opt/esp/tools/tools/xtensa-esp-elf/esp-13.2.0_20250707/xtensa-esp-elf/bin/../lib/gcc/xtensa-esp-elf/13.2.0/../../../../xtensa-esp-elf/include/c++/13.2.0
 /opt/esp/tools/tools/xtensa-esp-elf/esp-13.2.0_20250707/xtensa-esp-elf/bin/../lib/gcc/xtensa-esp-elf/13.2.0/../../../../xtensa-esp-elf/include/c++/13.2.0/xtensa-esp-elf/esp32
 /opt/esp/tools/tools/xtensa-esp-elf/esp-13.2.0_20250707/xtensa-esp-elf/bin/../lib/gcc/xtensa-esp-elf/13.2.0/../../../../xtensa-esp-elf/include/c++/13.2.0/backward
 /opt/esp/tools/tools/xtensa-esp-elf/esp-13.2.0_20250707/xtensa-esp-elf/bin/../lib/gcc/xtensa-esp-elf/13.2.0/include
 /opt/esp/tools/tools/xtensa-esp-elf/esp-13.2.0_20250707/xtensa-esp-elf/bin/../lib/gcc/xtensa-esp-elf/13.2.0/include-fixed
 /opt/esp/tools/tools/xtensa-esp-elf/esp-13.2.0_20250707/xtensa-esp-elf/bin/../lib/gcc/xtensa-esp-elf/13.2.0/../../../../xtensa-esp-elf/include
End of search list.
Compiler executable checksum: 6be9d76bd920418c6cdadbfbbb13a8b7
COLLECT_GCC_OPTIONS='-mdynconfig=xtensa_esp32.so' '-mlongcalls' '-Wno-frame-address' '-fno-builtin-memcpy' '-fno-builtin-memset' '-fno-builtin-bzero' '-fno-builtin-stpcpy' '-fno-builtin-strncpy' '-v' '-o' 'CMakeFiles/cmTC_1dcab.dir/CMakeCXXCompilerABI.cpp.obj' '-c' '-dumpdir' 'CMakeFiles/cmTC_1dcab.dir/'
 /opt/esp/tools/tools/xtensa-esp-elf/esp-13.2.0_20250707/xtensa-esp-elf/bin/../lib/gcc/xtensa-esp-elf/13.2.0/../../../../xtensa-esp-elf/bin/as --traditional-format --longcalls --dynconfig=xtensa_esp32.so -o CMakeFiles/cmTC_1dcab.dir/CMakeCXXCompilerABI.cpp.obj /tmp/ccRQCmNE.s
COMPILER_PATH=/opt/esp/tools/tools/xtensa-esp-elf/esp-13.2.0_20250707/xtensa-esp-elf/bin/../libexec/gcc/xtensa-esp-elf/13.2.0/:/opt/esp/tools/tools/xtensa-esp-elf/esp-13.2.0_20250707/xtensa-esp-elf/bin/../libexec/gcc/:/opt/esp/tools/tools/xtensa-esp-elf/esp-13.2.0_20250707/xtensa-esp-elf/bin/../lib/gcc/xtensa-esp-elf/13.2.0/../../../../xtensa-esp-elf/bin/
LIBRARY_PATH=/opt/esp/tools/tools/xtensa-esp-elf/esp-13.2.0_20250707/xtensa-esp-elf/bin/../lib/gcc/xtensa-esp-elf/13.2.0/esp32/:/opt/esp/tools/tools/xtensa-esp-elf/esp-13.2.0_20250707/xtensa-esp-elf/bin/../lib/gcc/xtensa-esp-elf/13.2.0/../../../../xtensa-esp-elf/lib/esp32/:/opt/esp/tools/tools/xtensa-esp-elf/esp-13.2.0_20250707/xtensa-esp-elf/bin/../xtensa-esp-elf/lib/esp32/:/opt/esp/tools/tools/xtensa-esp-elf/esp-13.2.0_20250707/xtensa-esp-elf/bin/../lib/gcc/xtensa-esp-elf/13.2.0/:/opt/esp/tools/tools/xtensa-esp-elf/esp-13.2.0_20250707/xtensa-esp-elf/bin/../lib/gcc/:/opt/esp/tools/tools/xtensa-esp-elf/esp-13.2.0_20250707/xtensa-esp-elf/bin/../lib/gcc/xtensa-esp-elf/13.2.0/../../../../xtensa-esp-elf/lib/:/opt/esp/tools/tools/xtensa-esp-elf/esp-13.2.0_20250707/xtensa-esp-elf/bin/../xtensa-esp-elf/lib/:/opt/esp/tools/tools/xtensa-esp-elf/esp-13.2.0_20250707/xtensa-esp-elf/bin/../xtensa-esp-elf/usr/lib/
COLLECT_GCC_OPTIONS='-mdynconfig=xtensa_esp32.so' '-mlongcalls' '-Wno-frame-address' '-fno-builtin-memcpy' '-fno-builtin-memset' '-fno-builtin-bzero' '-fno-builtin-stpcpy' '-fno-builtin-strncpy' '-v' '-o' 'CMakeFiles/cmTC_1dcab.dir/CMakeCXXCompilerABI.cpp.obj' '-c' '-dumpdir' 'CMakeFiles/cmTC_1dcab.dir/CMakeCXXCompilerABI.cpp.'
Linking CXX executable cmTC_1dcab
/usr/bin/cmake -E cmake_link_script CMakeFiles/cmTC_1dcab.dir/link.txt --verbose=1
/opt/esp/tools/tools/xtensa-esp-elf/esp-13.2.0_20250707/xtensa-esp-elf/bin/xtensa-esp32-elf-g++ -mlongcalls -Wno-frame-address  -fno-builtin-memcpy -fno-builtin-memset -fno-builtin-bzero -fno-builtin-stpcpy -fno-builtin-strncpy   -v CMakeFiles/cmTC_1dcab.dir/CMakeCXXCompilerABI.cpp.obj -o cmTC_1dcab 
Using built-in specs.
COLLECT_GCC=/opt/esp/tools/tools/xtensa-esp-elf/esp-13.2.0_20250707/xtensa-esp-elf/bin/xtensa-esp-elf-g++
COLLECT_LTO_WRAPPER=/opt/esp/tools/tools/xtensa-esp-elf/esp-13.2.0_20250707/xtensa-esp-elf/bin/../libexec/gcc/xtensa-esp-elf/13.2.0/lto-wrapper
Target: xtensa-esp-elf
Configured with: /builds/idf/crosstool-NG/.build/xtensa-esp-elf/src/gcc/configure --build=x86_64-build_pc-linux-gnu --host=x86_64-build_pc-linux-gnu --target=xtensa-esp-elf --prefix=/builds/idf/crosstool-NG/builds/xtensa-esp-elf --exec_prefix=/builds/idf/crosstool-NG/builds/xtensa-esp-elf --with-local-prefix=/builds/idf/crosstool-NG/builds/xtensa-esp-elf/xtensa-esp-elf --with-sysroot=/builds/idf/crosstool-NG/builds/xtensa-esp-elf/xtensa-esp-elf --with-native-system-header-dir=/include --with-newlib --enable-threads=no --disable-shared --with-pkgversion='crosstool-NG esp-13.2.0_20250707' --disable-__cxa_atexit --enable-cxx-flags='-ffunction-sections -fdata-sections' --disable-libgomp --disable-libmudflap --disable-libmpx --disable-libssp --disable-libquadmath --disable-libquadmath-support --disable-libstdcxx-verbose --with-gmp=/builds/idf/crosstool-NG/.build/xtensa-esp-elf/buildtools --with-mpfr=/builds/idf/crosstool-NG/.build/xtensa-esp-elf/buildtools --with-mpc=/builds/idf/crosstool-NG/.build/xtensa-esp-elf/buildtools --with-isl=/builds/idf/crosstool-NG/.build/xtensa-esp-elf/buildtools --enable-lto --enable-target-optspace --without-long-double-128 --disable-nls --enable-multiarch --enable-languages=c,c++ --disable-libstdcxx-verbose --enable-threads=posix --enable-gcov-custom-rtio --enable-libstdcxx-time=yes
Thread model: posix
Supported LTO compression algorithms: zlib zstd
gcc version 13.2.0 (crosstool-NG esp-13.2.0_20250707) 
COMPILER_PATH=/opt/esp/tools/tools/xtensa-esp-elf/esp-13.2.0_20250707/xtensa-esp-elf/bin/../libexec/gcc/xtensa-esp-elf/13.2.0/:/opt/esp/tools/tools/xtensa-esp-elf/esp-13.2.0_20250707/xtensa-esp-elf/bin/../libexec/gcc/:/opt/esp/tools/tools/xtensa-esp-elf/esp-13.2.0_20250707/xtensa-esp-elf/bin/../lib/gcc/xtensa-esp-elf/13.2.0/../../../../xtensa-esp-elf/bin/
LIBRARY_PATH=/opt/esp/tools/tools/xtensa-esp-elf/esp-13.2.0_20250707/xtensa-esp-elf/bin/../lib/gcc/xtensa-esp-elf/13.2.0/esp32/:/opt/esp/tools/tools/xtensa-esp-elf/esp-13.2.0_20250707/xtensa-esp-elf/bin/../lib/gcc/xtensa-esp-elf/13.2.0/../../../../xtensa-esp-elf/lib/esp32/:/opt/esp/tools/tools/xtensa-esp-elf/esp-13.2.0_20250707/xtensa-esp-elf/bin/../xtensa-esp-elf/lib/esp32/:/opt/esp/tools/tools/xtensa-esp-elf/esp-13.2.0_20250707/xtensa-esp-elf/bin/../lib/gcc/xtensa-esp-elf/13.2.0/:/opt/esp/tools/tools/xtensa-esp-elf/esp-13.2.0_20250707/xtensa-esp-elf/bin/../lib/gcc/:/opt/esp/tools/tools/xtensa-esp-elf/esp-13.2.0_20250707/xtensa-esp-elf/bin/../lib/gcc/xtensa-esp-elf/13.2.0/../../../../xtensa-esp-elf/lib/:/opt/esp/tools/tools/xtensa-esp-elf/esp-13.2.0_20250707/xtensa-esp-elf/bin/../xtensa-esp-elf/lib/:/opt/esp/tools/tools/xtensa-esp-elf/esp-13.2.0_20250707/xtensa-esp-elf/bin/../xtensa-esp-elf/usr/lib/
COLLECT_GCC_OPTIONS='-mdynconfig=xtensa_esp32.so' '-mlongcalls' '-Wno-frame-address' '-fno-builtin-memcpy' '-fno-builtin-memset' '-fno-builtin-bzero' '-fno-builtin-stpcpy' '-fno-builtin-strncpy' '-v' '-o' 'cmTC_1dcab' '-dumpdir' 'cmTC_1dcab.'
 /opt/esp/tools/tools/xtensa-esp-elf/esp-13.2.0_20250707/xtensa-esp-elf/bin/../libexec/gcc/xtensa-esp-elf/13.2.0/collect2 -plugin /opt/esp/tools/tools/xtensa-esp-elf/esp-13.2.0_20250707/xtensa-esp-elf/bin/../libexec/gcc/xtensa-esp-elf/13.2.0/liblto_plugin.so -plugin-opt=/opt/esp/tools/tools/xtensa-esp-elf/esp-13.2.0_20250707/xtensa-esp-elf/bin/../libexec/gcc/xtensa-esp-elf/13.2.0/lto-wrapper -plugin-opt=-fresolution=/tmp/cc0FfiHi.res -plugin-opt=-pass-through=-lgcc -plugin-opt=-pass-through=-lc -plugin-opt=-pass-through=-lnosys -plugin-opt=-pass-through=-lc -plugin-opt=-pass-through=-lgcc --sysroot=/opt/esp/tools/tools/xtensa-esp-elf/esp-13.2.0_20250707/xtensa-esp-elf/bin/../xtensa-esp-elf --dynconfig=xtensa_esp32.so -o cmTC_1dcab /opt/esp/tools/tools/xtensa-esp-elf/esp-13.2.0_20250707/xtensa-esp-elf/bin/../lib/gcc/xtensa-esp-elf/13.2.0/../../../../xtensa-esp-elf/lib/esp32/crt0.o /opt/esp/tools/tools/xtensa-esp-elf/esp-13.2.0_20250707/xtensa-esp-elf/bin/../lib/gcc/xtensa-esp-elf/13.2.0/esp32/crti.o /opt/esp/tools/tools/xtensa-esp-elf/esp-13.2.0_20250707/xtensa-esp-elf/bin/../lib/gcc/xtensa-esp-elf/13.2.0/esp32/crtbegin.o -L/opt/esp/tools/tools/xtensa-esp-elf/esp-13.2.0_20250707/xtensa-esp-elf/bin/../lib/gcc/xtensa-esp-elf/13.2.0/esp32 -L/opt/esp/tools/tools/xtensa-esp-elf/esp-13.2.0_20250707/xtensa-esp-elf/bin/../lib/gcc/xtensa-esp-elf/13.2.0/../../../../xtensa-esp-elf/lib/esp32 -L/opt/esp/tools/tools/xtensa-esp-elf/esp-13.2.0_20250707/xtensa-esp-elf/bin/../xtensa-esp-elf/lib/esp32 -L/opt/esp/tools/tools/xtensa-esp-elf/esp-13.2.0_20250707/xtensa-esp-elf/bin/../lib/gcc/xtensa-esp-elf/13.2.0 -L/opt/esp/tools/tools/xtensa-esp-elf/esp-13.2.0_20250707/xtensa-esp-elf/bin/../lib/gcc -L/opt/esp/tools/tools/xtensa-esp-elf/esp-13.2.0_20250707/xtensa-esp-elf/bin/../lib/gcc/xtensa-esp-elf/13.2.0/../../../../xtensa-esp-elf/lib -L/opt/esp/tools/tools/xtensa-esp-elf/esp-13.2.0_20250707/xtensa-esp-elf/bin/../xtensa-esp-elf/lib -L/opt/esp/tools/tools/xtensa-esp-elf/esp-13.2.0_20250707/xtensa-esp-elf/bin/../xtensa-esp-elf/usr/lib CMakeFiles/cmTC_1dcab.dir/CMakeCXXCompilerABI.cpp.obj -lstdc++ -lm -lgcc -lc -lnosys -lc -lgcc /opt/esp/tools/tools/xtensa-esp-elf/esp-13.2.0_20250707/xtensa-esp-elf/bin/../lib/gcc/xtensa-esp-elf/13.2.0/esp32/crtend.o /opt/esp/tools/tools/xtensa-esp-elf/esp-13.2.0_20250707/xtensa-esp-elf/bin/../lib/gcc/xtensa-esp-elf/13.2.0/esp32/crtn.o
COLLECT_GCC_OPTIONS='-mdynconfig=xtensa_esp32.so' '-mlongcalls' '-Wno-frame-address' '-fno-builtin-memcpy' '-fno-builtin-memset' '-fno-builtin-bzero' '-fno-builtin-stpcpy' '-fno-builtin-strncpy' '-v' '-o' 'cmTC_1dcab' '-dumpdir' 'cmTC_1dcab.'
gmake[1]: Leaving directory '/workspace/vehicle_tracker/build/CMakeFiles/CMakeTmp'



Parsed CXX implicit include dir info from above output: rv=done
  found start of include info
  found start of implicit include info
    add: [/opt/esp/tools/tools/xtensa-esp-elf/esp-13.2.0_20250707/xtensa-esp-elf/bin/../lib/gcc/xtensa-esp-elf/13.2.0/../../../../xtensa-esp-elf/include/c++/13.2.0]
    add: [/opt/esp/tools/tools/xtensa-esp-elf/esp-13.2.0_20250707/xtensa-esp-elf/bin/../lib/gcc/xtensa-esp-elf/13.2.0/../../../../xtensa-esp-elf/include/c++/13.2.0/xtensa-esp-elf/esp32]
    add: [/opt/esp/tools/tools/xtensa-esp-elf/esp-13.2.0_20250707/xtensa-esp-elf/bin/../lib/gcc/xtensa-esp-elf/13.2.0/../../../../xtensa-esp-elf/include/c++/13.2.0/backward]
    add: [/opt/esp/tools/tools/xtensa-esp-elf/esp-13.2.0_20250707/xtensa-esp-elf/bin/../lib/gcc/xtensa-esp-elf/13.2.0/include]
    add: [/opt/esp/tools/tools/xtensa-esp-elf/esp-13.2.0_20250707/xtensa-esp-elf/bin/../lib/gcc/xtensa-esp-elf/13.2.0/include-fixed]
    add: [/opt/esp/tools/tools/xtensa-esp-elf/esp-13.2.0_20250707/xtensa-esp-elf/bin/../lib/gcc/xtensa-esp-elf/13.2.0/../../../../xtensa-esp-elf/include]
  end of search list found
  collapse include dir [/opt/esp/tools/tools/xtensa-esp-elf/esp-13.2.0_20250707/xtensa-esp-elf/bin/../lib/gcc/xtensa-esp-elf/13.2.0/../../../../xtensa-esp-elf/include/c++/13.2.0] ==> [/opt/esp/tools/tools/xtensa-esp-elf/esp-13.2.0_20250707/xtensa-esp-elf/xtensa-esp-elf/include/c++/13.2.0]
  collapse include dir [/opt/esp/tools/tools/xtensa-esp-elf/esp-13.2.0_20250707/xtensa-esp-elf/bin/../lib/gcc/xtensa-esp-elf/13.2.0/../../../../xtensa-esp-elf/include/c++/13.2.0/xtensa-esp-elf/esp32] ==> [/opt/esp/tools/tools/xtensa-esp-elf/esp-13.2.0_20250707/xtensa-esp-elf/xtensa-esp-elf/include/c++/13.2.0/xtensa-esp-elf/esp32]
  collapse include dir [/opt/esp/tools/tools/xtensa-esp-elf/esp-13.2.0_20250707/xtensa-esp-elf/bin/../lib/gcc/xtensa-esp-elf/13.2.0/../../../../xtensa-esp-elf/include/c++/13.2.0/backward] ==> [/opt/esp/tools/tools/xtensa-esp-elf/esp-13.2.0_20250707/xtensa-esp-elf/xtensa-esp-elf/include/c++/13.2.0/backward]
  collapse include dir [/opt/esp/tools/tools/xtensa-esp-elf/esp-13.2.0_20250707/xtensa-esp-elf/bin/../lib/gcc/xtensa-esp-elf/13.2.0/include] ==> [/opt/esp/tools/tools/xtensa-esp-elf/esp-13.2.0_20250707/xtensa-esp-elf/lib/gcc/xtensa-esp-elf/13.2.0/include]
  collapse include dir [/opt/esp/tools/tools/xtensa-esp-elf/esp-13.2.0_20250707/xtensa-esp-elf/bin/../lib/gcc/xtensa-esp-elf/13.2.0/include-fixed] ==> [/opt/esp/tools/tools/xtensa-esp-elf/esp-13.2.0_20250707/xtensa-esp-elf/lib/gcc/xtensa-esp-elf/13.2.0/include-fixed]
  collapse include dir [/opt/esp/tools/tools/xtensa-esp-elf/esp-13.2.0_20250707/xtensa-esp-elf/bin/../lib/gcc/xtensa-esp-elf/13.2.0/../../../../xtensa-esp-elf/include] ==> [/opt/esp/tools/tools/xtensa-esp-elf/esp-13.2.0_20250707/xtensa-esp-elf/xtensa-esp-elf/include]
  implicit include dirs: [/opt/esp/tools/tools/xtensa-esp-elf/esp-13.2.0_20250707/xtensa-esp-elf/xtensa-esp-elf/include/c++/13.2.0;/opt/esp/tools/tools/xtensa-esp-elf/esp-13.2.0_20250707/xtensa-esp-elf/xtensa-esp-elf/include/c++/13.2.0/xtensa-esp-elf/esp32;/opt/esp/tools/tools/xtensa-esp-elf/esp-13.2.0_20250707/xtensa-esp-elf/xtensa-esp-elf/include/c++/13.2.0/backward;/opt/esp/tools/tools/xtensa-esp-elf/esp-13.2.0_20250707/xtensa-esp-elf/lib/gcc/xtensa-esp-elf/13.2.0/include;/opt/esp/tools/tools/xtensa-esp-elf/esp-13.2.0_20250707/xtensa-esp-elf/lib/gcc/xtensa-esp-elf/13.2.0/include-fixed;/opt/esp/tools/tools/xtensa-esp-elf/esp-13.2.0_20250707/xtensa-esp-elf/xtensa-esp-elf/include]


Parsed CXX implicit link information from above output:
  link line regex: [^( *|.*[/\])(xtensa-esp32-elf-ld|CMAKE_LINK_STARTFILE-NOTFOUND|([^/\]+-)?ld|collect2)[^/\]*( |$)]
  ignore line: [Change Dir: /workspace/vehicle_tracker/build/CMakeFiles/CMakeTmp]
  ignore line: []
  ignore line: [Run Build Command(s):/usr/bin/gmake -f Makefile cmTC_1dcab/fast && /usr/bin/gmake  -f CMakeFiles/cmTC_1dcab.dir/build.make CMakeFiles/cmTC_1dcab.dir/build]
  ignore line: [gmake[1]: Entering directory '/workspace/vehicle_tracker/build/CMakeFiles/CMakeTmp']
  ignore line: [Building CXX object CMakeFiles/cmTC_1dcab.dir/CMakeCXXCompilerABI.cpp.obj]
  ignore line: [/opt/esp/tools/tools/xtensa-esp-elf/esp-13.2.0_20250707/xtensa-esp-elf/bin/xtensa-esp32-elf-g++   -mlongcalls -Wno-frame-address  -fno-builtin-memcpy -fno-builtin-memset -fno-builtin-bzero -fno-builtin-stpcpy -fno-builtin-strncpy    -v -o CMakeFiles/cmTC_1dcab.dir/CMakeCXXCompilerABI.cpp.obj -c /usr/share/cmake-3.22/Modules/CMakeCXXCompilerABI.cpp]
  ignore line: [Using built-in specs.]
  ignore line: [COLLECT_GCC=/opt/esp/tools/tools/xtensa-esp-elf/esp-13.2.0_20250707/xtensa-esp-elf/bin/xtensa-esp-elf-g++]
  ignore line: [Target: xtensa-esp-elf]
  ignore line: [Configured with: /builds/idf/crosstool-NG/.build/xtensa-esp-elf/src/gcc/configure --build=x86_64-build_pc-linux-gnu --host=x86_64-build_pc-linux-gnu --target=xtensa-esp-elf --prefix=/builds/idf/crosstool-NG/builds/xtensa-esp-elf --exec_prefix=/builds/idf/crosstool-NG/builds/xtensa-esp-elf --with-local-prefix=/builds/idf/crosstool-NG/builds/xtensa-esp-elf/xtensa-esp-elf --with-sysroot=/builds/idf/crosstool-NG/builds/xtensa-esp-elf/xtensa-esp-elf --with-native-system-header-dir=/include --with-newlib --enable-threads=no --disable-shared --with-pkgversion='crosstool-NG esp-13.2.0_20250707' --disable-__cxa_atexit --enable-cxx-flags='-ffunction-sections -fdata-sections' --disable-libgomp --disable-libmudflap --disable-libmpx --disable-libssp --disable-libquadmath --disable-libquadmath-support --disable-libstdcxx-verbose --with-gmp=/builds/idf/crosstool-NG/.build/xtensa-esp-elf/buildtools --with-mpfr=/builds/idf/crosstool-NG/.build/xtensa-esp-elf/buildtools --with-mpc=/builds/idf/crosstool-NG/.build/xtensa-esp-elf/buildtools --with-isl=/builds/idf/crosstool-NG/.build/xtensa-esp-elf/buildtools --enable-lto --enable-target-optspace --without-long-double-128 --disable-nls --enable-multiarch --enable-languages=c c++ --disable-libstdcxx-verbose --enable-threads=posix --enable-gcov-custom-rtio --enable-libstdcxx-time=yes]
  ignore line: [Thread model: posix]
  ignore line: [Supported LTO compression algorithms: zlib zstd]
  ignore line: [gcc version 13.2.0 (crosstool-NG esp-13.2.0_20250707) ]
  ignore line: [COLLECT_GCC_OPTIONS='-mdynconfig=xtensa_esp32.so' '-mlongcalls' '-Wno-frame-address' '-fno-builtin-memcpy' '-fno-builtin-memset' '-fno-builtin-bzero' '-fno-builtin-stpcpy' '-fno-builtin-strncpy' '-v' '-o' 'CMakeFiles/cmTC_1dcab.dir/CMakeCXXCompilerABI.cpp.obj' '-c' '-dumpdir' 'CMakeFiles/cmTC_1dcab.dir/']
  ignore line: [ /opt/esp/tools/tools/xtensa-esp-elf/esp-13.2.0_20250707/xtensa-esp-elf/bin/../libexec/gcc/xtensa-esp-elf/13.2.0/cc1plus -quiet -v -imultilib esp32 -iprefix /opt/esp/tools/tools/xtensa-esp-elf/esp-13.2.0_20250707/xtensa-esp-elf/bin/../lib/gcc/xtensa-esp-elf/13.2.0/ -isysroot /opt/esp/tools/tools/xtensa-esp-elf/esp-13.2.0_20250707/xtensa-esp-elf/bin/../xtensa-esp-elf /usr/share/cmake-3.22/Modules/CMakeCXXCompilerABI.cpp -quiet -dumpdir CMakeFiles/cmTC_1dcab.dir/ -dumpbase CMakeCXXCompilerABI.cpp.cpp -dumpbase-ext .cpp -mdynconfig=xtensa_esp32.so -mlongcalls -Wno-frame-address -version -fno-builtin-memcpy -fno-builtin-memset -fno-builtin-bzero -fno-builtin-stpcpy -fno-builtin-strncpy -o /tmp/ccRQCmNE.s]
  ignore line: [GNU C++17 (crosstool-NG esp-13.2.0_20250707) version 13.2.0 (xtensa-esp-elf)]
  ignore line: [	compiled by GNU C version 4.9.2  GMP version 6.2.1  MPFR version 4.2.1  MPC version 1.2.1  isl version isl-0.26-GMP]
  ignore line: []
  ignore line: [GGC heuristics: --param ggc-min-expand=100 --param ggc-min-heapsize=131072]
  ignore line: [ignoring duplicate directory "/opt/esp/tools/tools/xtensa-esp-elf/esp-13.2.0_20250707/xtensa-esp-elf/bin/../lib/gcc/../../lib/gcc/xtensa-esp-elf/13.2.0/../../../../xtensa-esp-elf/include/c++/13.2.0"]
  ignore line: [ignoring duplicate directory "/opt/esp/tools/tools/xtensa-esp-elf/esp-13.2.0_20250707/xtensa-esp-elf/bin/../lib/gcc/../../lib/gcc/xtensa-esp-elf/13.2.0/../../../../xtensa-esp-elf/include/c++/13.2.0/xtensa-esp-elf/esp32"]
  ignore line: [ignoring duplicate directory "/opt/esp/tools/tools/xtensa-esp-elf/esp-13.2.0_20250707/xtensa-esp-elf/bin/../lib/gcc/../../lib/gcc/xtensa-esp-elf/13.2.0/../../../../xtensa-esp-elf/include/c++/13.2.0/backward"]
  ignore line: [ignoring duplicate directory "/opt/esp/tools/tools/xtensa-esp-elf/esp-13.2.0_20250707/xtensa-esp-elf/bin/../lib/gcc/../../lib/gcc/xtensa-esp-elf/13.2.0/include"]
  ignore line: [ignoring nonexistent directory "/opt/esp/tools/tools/xtensa-esp-elf/esp-13.2.0_20250707/xtensa-esp-elf/bin/../xtensa-esp-elf/builds/idf/crosstool-NG/builds/xtensa-esp-elf/xtensa-esp-elf/include"]
  ignore line: [ignoring duplicate directory "/opt/esp/tools/tools/xtensa-esp-elf/esp-13.2.0_20250707/xtensa-esp-elf/bin/../lib/gcc/../../lib/gcc/xtensa-esp-elf/13.2.0/include-fixed"]
  ignore line: [ignoring duplicate directory "/opt/esp/tools/tools/xtensa-esp-elf/esp-13.2.0_20250707/xtensa-esp-elf/bin/../lib/gcc/../../lib/gcc/xtensa-esp-elf/13.2.0/../../../../xtensa-esp-elf/include"]
  ignore line: [ignoring duplicate directory "/opt/esp/tools/tools/xtensa-esp-elf/esp-13.2.0_20250707/xtensa-esp-elf/bin/../xtensa-esp-elf/include"]
  ignore line: [#include "..." search starts here:]
  ignore line: [#include <...> search starts here:]
  ignore line: [ /opt/esp/tools/tools/xtensa-esp-elf/esp-13.2.0_20250707/xtensa-esp-elf/bin/../lib/gcc/xtensa-esp-elf/13.2.0/../../../../xtensa-esp-elf/include/c++/13.2.0]
  ignore line: [ /opt/esp/tools/tools/xtensa-esp-elf/esp-13.2.0_20250707/xtensa-esp-elf/bin/../lib/gcc/xtensa-esp-elf/13.2.0/../../../../xtensa-esp-elf/include/c++/13.2.0/xtensa-esp-elf/esp32]
  ignore line: [ /opt/esp/tools/tools/xtensa-esp-elf/esp-13.2.0_20250707/xtensa-esp-elf/bin/../lib/gcc/xtensa-esp-elf/13.2.0/../../../../xtensa-esp-elf/include/c++/13.2.0/backward]
  ignore line: [ /opt/esp/tools/tools/xtensa-esp-elf/esp-13.2.0_20250707/xtensa-esp-elf/bin/../lib/gcc/xtensa-esp-elf/13.2.0/include]
  ignore line: [ /opt/esp/tools/tools/xtensa-esp-elf/esp-13.2.0_20250707/xtensa-esp-elf/bin/../lib/gcc/xtensa-esp-elf/13.2.0/include-fixed]
  ignore line: [ /opt/esp/tools/tools/xtensa-esp-elf/esp-13.2.0_20250707/xtensa-esp-elf/bin/../lib/gcc/xtensa-esp-elf/13.2.0/../../../../xtensa-esp-elf/include]
  ignore line: [End of search list.]
  ignore line: [Compiler executable checksum: 6be9d76bd920418c6cdadbfbbb13a8b7]
  ignore line: [COLLECT_GCC_OPTIONS='-mdynconfig=xtensa_esp32.so' '-mlongcalls' '-Wno-frame-address' '-fno-builtin-memcpy' '-fno-builtin-memset' '-fno-builtin-bzero' '-fno-builtin-stpcpy' '-fno-builtin-strncpy' '-v' '-o' 'CMakeFiles/cmTC_1dcab.dir/CMakeCXXCompilerABI.cpp.obj' '-c' '-dumpdir' 'CMakeFiles/cmTC_1dcab.dir/']
  ignore line: [ /opt/esp/tools/tools/xtensa-esp-elf/esp-13.2.0_20250707/xtensa-esp-elf/bin/../lib/gcc/xtensa-esp-elf/13.2.0/../../../../xtensa-esp-elf/bin/as --traditional-format --longcalls --dynconfig=xtensa_esp32.so -o CMakeFiles/cmTC_1dcab.dir/CMakeCXXCompilerABI.cpp.obj /tmp/ccRQCmNE.s]
  ignore line: [COMPILER_PATH=/opt/esp/tools/tools/xtensa-esp-elf/esp-13.2.0_20250707/xtensa-esp-elf/bin/../libexec/gcc/xtensa-esp-elf/13.2.0/:/opt/esp/tools/tools/xtensa-esp-elf/esp-13.2.0_20250707/xtensa-esp-elf/bin/../libexec/gcc/:/opt/esp/tools/tools/xtensa-esp-elf/esp-13.2.0_20250707/xtensa-esp-elf/bin/../lib/gcc/xtensa-esp-elf/13.2.0/../../../../xtensa-esp-elf/bin/]
  ignore line: [LIBRARY_PATH=/opt/esp/tools/tools/xtensa-esp-elf/esp-13.2.0_20250707/xtensa-esp-elf/bin/../lib/gcc/xtensa-esp-elf/13.2.0/esp32/:/opt/esp/tools/tools/xtensa-esp-elf/esp-13.2.0_20250707/xtensa-esp-elf/bin/../lib/gcc/xtensa-esp-elf/13.2.0/../../../../xtensa-esp-elf/lib/esp32/:/opt/esp/tools/tools/xtensa-esp-elf/esp-13.2.0_20250707/xtensa-esp-elf/bin/../xtensa-esp-elf/lib/esp32/:/opt/esp/tools/tools/xtensa-esp-elf/esp-13.2.0_20250707/xtensa-esp-elf/bin/../lib/gcc/xtensa-esp-elf/13.2.0/:/opt/esp/tools/tools/xtensa-esp-elf/esp-13.2.0_20250707/xtensa-esp-elf/bin/../lib/gcc/:/opt/esp/tools/tools/xtensa-esp-elf/esp-13.2.0_20250707/xtensa-esp-elf/bin/../lib/gcc/xtensa-esp-elf/13.2.0/../../../../xtensa-esp-elf/lib/:/opt/esp/tools/tools/xtensa-esp-elf/esp-13.2.0_20250707/xtensa-esp-elf/bin/../xtensa-esp-elf/lib/:/opt/esp/tools/tools/xtensa-esp-elf/esp-13.2.0_20250707/xtensa-esp-elf/bin/../xtensa-esp-elf/usr/lib/]
  ignore line: [COLLECT_GCC_OPTIONS='-mdynconfig=xtensa_esp32.so' '-mlongcalls' '-Wno-frame-address' '-fno-builtin-memcpy' '-fno-builtin-memset' '-fno-builtin-bzero' '-fno-builtin-stpcpy' '-fno-builtin-strncpy' '-v' '-o' 'CMakeFiles/cmTC_1dcab.dir/CMakeCXXCompilerABI.cpp.obj' '-c' '-dumpdir' 'CMakeFiles/cmTC_1dcab.dir/CMakeCXXCompilerABI.cpp.']
  ignore line: [Linking CXX executable cmTC_1dcab]
  ignore line: [/usr/bin/cmake -E cmake_link_script CMakeFiles/cmTC_1dcab.dir/link.txt --verbose=1]
  ignore line: [/opt/esp/tools/tools/xtensa-esp-elf/esp-13.2.0_20250707/xtensa-esp-elf/bin/xtensa-esp32-elf-g++ -mlongcalls -Wno-frame-address  -fno-builtin-memcpy -fno-builtin-memset -fno-builtin-bzero -fno-builtin-stpcpy -fno-builtin-strncpy   -v CMakeFiles/cmTC_1dcab.dir/CMakeCXXCompilerABI.cpp.obj -o cmTC_1dcab ]
  ignore line: [Using built-in specs.]
  ignore line: [COLLECT_GCC=/opt/esp/tools/tools/xtensa-esp-elf/esp-13.2.0_20250707/xtensa-esp-elf/bin/xtensa-esp-elf-g++]
  ignore line: [COLLECT_LTO_WRAPPER=/opt/esp/tools/tools/xtensa-esp-elf/esp-13.2.0_20250707/xtensa-esp-elf/bin/../libexec/gcc/xtensa-esp-elf/13.2.0/lto-wrapper]
  ignore line: [Target: xtensa-esp-elf]
  ignore line: [Configured with: /builds/idf/crosstool-NG/.build/xtensa-esp-elf/src/gcc/configure --build=x86_64-build_pc-linux-gnu --host=x86_64-build_pc-linux-gnu --target=xtensa-esp-elf --prefix=/builds/idf/crosstool-NG/builds/xtensa-esp-elf --exec_prefix=/builds/idf/crosstool-NG/builds/xtensa-esp-elf --with-local-prefix=/builds/idf/crosstool-NG/builds/xtensa-esp-elf/xtensa-esp-elf --with-sysroot=/builds/idf/crosstool-NG/builds/xtensa-esp-elf/xtensa-esp-elf --with-native-system-header-dir=/include --with-newlib --enable-threads=no --disable-shared --with-pkgversion='crosstool-NG esp-13.2.0_20250707' --disable-__cxa_atexit --enable-cxx-flags='-ffunction-sections -fdata-sections' --disable-libgomp --disable-libmudflap --disable-libmpx --disable-libssp --disable-libquadmath --disable-libquadmath-support --disable-libstdcxx-verbose --with-gmp=/builds/idf/crosstool-NG/.build/xtensa-esp-elf/buildtools --with-mpfr=/builds/idf/crosstool-NG/.build/xtensa-esp-elf/buildtools --with-mpc=/builds/idf/crosstool-NG/.build/xtensa-esp-elf/buildtools --with-isl=/builds/idf/crosstool-NG/.build/xtensa-esp-elf/buildtools --enable-lto --enable-target-optspace --without-long-double-128 --disable-nls --enable-multiarch --enable-languages=c c++ --disable-libstdcxx-verbose --enable-threads=posix --enable-gcov-custom-rtio --enable-libstdcxx-time=yes]
  ignore line: [Thread model: posix]
  ignore line: [Supported LTO compression algorithms: zlib zstd]
  ignore line: [gcc version 13.2.0 (crosstool-NG esp-13.2.0_20250707) ]
  ignore line: [COMPILER_PATH=/opt/esp/tools/tools/xtensa-esp-elf/esp-13.2.0_20250707/xtensa-esp-elf/bin/../libexec/gcc/xtensa-esp-elf/13.2.0/:/opt/esp/tools/tools/xtensa-esp-elf/esp-13.2.0_20250707/xtensa-esp-elf/bin/../libexec/gcc/:/opt/esp/tools/tools/xtensa-esp-elf/esp-13.2.0_20250707/xtensa-esp-elf/bin/../lib/gcc/xtensa-esp-elf/13.2.0/../../../../xtensa-esp-elf/bin/]
  ignore line: [LIBRARY_PATH=/opt/esp/tools/tools/xtensa-esp-elf/esp-13.2.0_20250707/xtensa-esp-elf/bin/../lib/gcc/xtensa-esp-elf/13.2.0/esp32/:/opt/esp/tools/tools/xtensa-esp-elf/esp-13.2.0_20250707/xtensa-esp-elf/bin/../lib/gcc/xtensa-esp-elf/13.2.0/../../../../xtensa-esp-elf/lib/esp32/:/opt/esp/tools/tools/xtensa-esp-elf/esp-13.2.0_20250707/xtensa-esp-elf/bin/../xtensa-esp-elf/lib/esp32/:/opt/esp/tools/tools/xtensa-esp-elf/esp-13.2.0_20250707/xtensa-esp-elf/bin/../lib/gcc/xtensa-esp-elf/13.2.0/:/opt/esp/tools/tools/xtensa-esp-elf/esp-13.2.0_20250707/xtensa-esp-elf/bin/../lib/gcc/:/opt/esp/tools/tools/xtensa-esp-elf/esp-13.2.0_20250707/xtensa-esp-elf/bin/../lib/gcc/xtensa-esp-elf/13.2.0/../../../../xtensa-esp-elf/lib/:/opt/esp/tools/tools/xtensa-esp-elf/esp-13.2.0_20250707/xtensa-esp-elf/bin/../xtensa-esp-elf/lib/:/opt/esp/tools/tools/xtensa-esp-elf/esp-13.2.0_20250707/xtensa-esp-elf/bin/../xtensa-esp-elf/usr/lib/]
  ignore line: [COLLECT_GCC_OPTIONS='-mdynconfig=xtensa_esp32.so' '-mlongcalls' '-Wno-frame-address' '-fno-builtin-memcpy' '-fno-builtin-memset' '-fno-builtin-bzero' '-fno-builtin-stpcpy' '-fno-builtin-strncpy' '-v' '-o' 'cmTC_1dcab' '-dumpdir' 'cmTC_1dcab.']
  link line: [ /opt/esp/tools/tools/xtensa-esp-elf/esp-13.2.0_20250707/xtensa-esp-elf/bin/../libexec/gcc/xtensa-esp-elf/13.2.0/collect2 -plugin /opt/esp/tools/tools/xtensa-esp-elf/esp-13.2.0_20250707/xtensa-esp-elf/bin/../libexec/gcc/xtensa-esp-elf/13.2.0/liblto_plugin.so -plugin-opt=/opt/esp/tools/tools/xtensa-esp-elf/esp-13.2.0_20250707/xtensa-esp-elf/bin/../libexec/gcc/xtensa-esp-elf/13.2.0/lto-wrapper -plugin-opt=-fresolution=/tmp/cc0FfiHi.res -plugin-opt=-pass-through=-lgcc -plugin-opt=-pass-through=-lc -plugin-opt=-pass-through=-lnosys -plugin-opt=-pass-through=-lc -plugin-opt=-pass-through=-lgcc --sysroot=/opt/esp/tools/tools/xtensa-esp-elf/esp-13.2.0_20250707/xtensa-esp-elf/bin/../xtensa-esp-elf --dynconfig=xtensa_esp32.so -o cmTC_1dcab /opt/esp/tools/tools/xtensa-esp-elf/esp-13.2.0_20250707/xtensa-esp-elf/bin/../lib/gcc/xtensa-esp-elf/13.2.0/../../../../xtensa-esp-elf/lib/esp32/crt0.o /opt/esp/tools/tools/xtensa-esp-elf/esp-13.2.0_20250707/xtensa-esp-elf/bin/../lib/gcc/xtensa-esp-elf/13.2.0/esp32/crti.o /opt/esp/tools/tools/xtensa-esp-elf/esp-13.2.0_20250707/xtensa-esp-elf/bin/../lib/gcc/xtensa-esp-elf/13.2.0/esp32/crtbegin.o -L/opt/esp/tools/tools/xtensa-esp-elf/esp-13.2.0_20250707/xtensa-esp-elf/bin/../lib/gcc/xtensa-esp-elf/13.2.0/esp32 -L/opt/esp/tools/tools/xtensa-esp-elf/esp-13.2.0_20250707/xtensa-esp-elf/bin/../lib/gcc/xtensa-esp-elf/13.2.0/../../../../xtensa-esp-elf/lib/esp32 -L/opt/esp/tools/tools/xtensa-esp-elf/esp-13.2.0_20250707/xtensa-esp-elf/bin/../xtensa-esp-elf/lib/esp32 -L/opt/esp/tools/tools/xtensa-esp-elf/esp-13.2.0_20250707/xtensa-esp-elf/bin/../lib/gcc/xtensa-esp-elf/13.2.0 -L/opt/esp/tools/tools/xtensa-esp-elf/esp-13.2.0_20250707/xtensa-esp-elf/bin/../lib/gcc -L/opt/esp/tools/tools/xtensa-esp-elf/esp-13.2.0_20250707/xtensa-esp-elf/bin/../lib/gcc/xtensa-esp-elf/13.2.0/../../../../xtensa-esp-elf/lib -L/opt/esp/tools/tools/xtensa-esp-elf/esp-13.2.0_20250707/xtensa-esp-elf/bin/../xtensa-esp-elf/lib -L/opt/esp/tools/tools/xtensa-esp-elf/esp-13.2.0_20250707/xtensa-esp-elf/bin/../xtensa-esp-elf/usr/lib CMakeFiles/cmTC_1dcab.dir/CMakeCXXCompilerABI.cpp.obj -lstdc++ -lm -lgcc -lc -lnosys -lc -lgcc /opt/esp/tools/tools/xtensa-esp-elf/esp-13.2.0_20250707/xtensa-esp-elf/bin/../lib/gcc/xtensa-esp-elf/13.2.0/esp32/crtend.o /opt/esp/tools/tools/xtensa-esp-elf/esp-13.2.0_20250707/xtensa-esp-elf/bin/../lib/gcc/xtensa-esp-elf/13.2.0/esp32/crtn.o]
    arg [/opt/esp/tools/tools/xtensa-esp-elf/esp-13.2.0_20250707/xtensa-esp-elf/bin/../libexec/gcc/xtensa-esp-elf/13.2.0/collect2] ==> ignore
    arg [-plugin] ==> ignore
    arg [/opt/esp/tools/tools/xtensa-esp-elf/esp-13.2.0_20250707/xtensa-esp-elf/bin/../libexec/gcc/xtensa-esp-elf/13.2.0/liblto_plugin.so] ==> ignore
    arg [-plugin-opt=/opt/esp/tools/tools/xtensa-esp-elf/esp-13.2.0_20250707/xtensa-esp-elf/bin/../libexec/gcc/xtensa-esp-elf/13.2.0/lto-wrapper] ==> ignore
    arg [-plugin-opt=-fresolution=/tmp/cc0FfiHi.res] ==> ignore
    arg [-plugin-opt=-pass-through=-lgcc] ==> ignore
    arg [-plugin-opt=-pass-through=-lc] ==> ignore
    arg [-plugin-opt=-pass-through=-lnosys] ==> ignore
    arg [-plugin-opt=-pass-through=-lc] ==> ignore
    arg [-plugin-opt=-pass-through=-lgcc] ==> ignore
    arg [--sysroot=/opt/esp/tools/tools/xtensa-esp-elf/esp-13.2.0_20250707/xtensa-esp-elf/bin/../xtensa-esp-elf] ==> ignore
    arg [--dynconfig=xtensa_esp32.so] ==> ignore
    arg [-o] ==> ignore
    arg [cmTC_1dcab] ==> ignore
    arg [/opt/esp/tools/tools/xtensa-esp-elf/esp-13.2.0_20250707/xtensa-esp-elf/bin/../lib/gcc/xtensa-esp-elf/13.2.0/../../../../xtensa-esp-elf/lib/esp32/crt0.o] ==> obj [/opt/esp/tools/tools/xtensa-esp-elf/esp-13.2.0_20250707/xtensa-esp-elf/bin/../lib/gcc/xtensa-esp-elf/13.2.0/../../../../xtensa-esp-elf/lib/esp32/crt0.o]
    arg [/opt/esp/tools/tools/xtensa-esp-elf/esp-13.2.0_20250707/xtensa-esp-elf/bin/../lib/gcc/xtensa-esp-elf/13.2.0/esp32/crti.o] ==> obj [/opt/esp/tools/tools/xtensa-esp-elf/esp-13.2.0_20250707/xtensa-esp-elf/bin/../lib/gcc/xtensa-esp-elf/13.2.0/esp32/crti.o]
    arg [/opt/esp/tools/tools/xtensa-esp-elf/esp-13.2.0_20250707/xtensa-esp-elf/bin/../lib/gcc/xtensa-esp-elf/13.2.0/esp32/crtbegin.o] ==> obj [/opt/esp/tools/tools/xtensa-esp-elf/esp-13.2.0_20250707/xtensa-esp-elf/bin/../lib/gcc/xtensa-esp-elf/13.2.0/esp32/crtbegin.o]
    arg [-L/opt/esp/tools/tools/xtensa-esp-elf/esp-13.2.0_20250707/xtensa-esp-elf/bin/../lib/gcc/xtensa-esp-elf/13.2.0/esp32] ==> dir [/opt/esp/tools/tools/xtensa-esp-elf/esp-13.2.0_20250707/xtensa-esp-elf/bin/../lib/gcc/xtensa-esp-elf/13.2.0/esp32]
    arg [-L/opt/esp/tools/tools/xtensa-esp-elf/esp-13.2.0_20250707/xtensa-esp-elf/bin/../lib/gcc/xtensa-esp-elf/13.2.0/../../../../xtensa-esp-elf/lib/esp32] ==> dir [/opt/esp/tools/tools/xtensa-esp-elf/esp-13.2.0_20250707/xtensa-esp-elf/bin/../lib/gcc/xtensa-esp-elf/13.2.0/../../../../xtensa-esp-elf/lib/esp32]
    arg [-L/opt/esp/tools/tools/xtensa-esp-elf/esp-13.2.0_20250707/xtensa-esp-elf/bin/../xtensa-esp-elf/lib/esp32] ==> dir [/opt/esp/tools/tools/xtensa-esp-elf/esp-13.2.0_20250707/xtensa-esp-elf/bin/../xtensa-esp-elf/lib/esp32]
    arg [-L/opt/esp/tools/tools/xtensa-esp-elf/esp-13.2.0_20250707/xtensa-esp-elf/bin/../lib/gcc/xtensa-esp-elf/13.2.0] ==> dir [/opt/esp/tools/tools/xtensa-esp-elf/esp-13.2.0_20250707/xtensa-esp-elf/bin/../lib/gcc/xtensa-esp-elf/13.2.0]
    arg [-L/opt/esp/tools/tools/xtensa-esp-elf/esp-13.2.0_20250707/xtensa-esp-elf/bin/../lib/gcc] ==> dir [/opt/esp/tools/tools/xtensa-esp-elf/esp-13.2.0_20250707/xtensa-esp-elf/bin/../lib/gcc]
    arg [-L/opt/esp/tools/tools/xtensa-esp-elf/esp-13.2.0_20250707/xtensa-esp-elf/bin/../lib/gcc/xtensa-esp-elf/13.2.0/../../../../xtensa-esp-elf/lib] ==> dir [/opt/esp/tools/tools/xtensa-esp-elf/esp-13.2.0_20250707/xtensa-esp-elf/bin/../lib/gcc/xtensa-esp-elf/13.2.0/../../../../xtensa-esp-elf/lib]
    arg [-L/opt/esp/tools/tools/xtensa-esp-elf/esp-13.2.0_20250707/xtensa-esp-elf/bin/../xtensa-esp-elf/lib] ==> dir [/opt/esp/tools/tools/xtensa-esp-elf/esp-13.2.0_20250707/xtensa-esp-elf/bin/../xtensa-esp-elf/lib]
    arg [-L/opt/esp/tools/tools/xtensa-esp-elf/esp-13.2.0_20250707/xtensa-esp-elf/bin/../xtensa-esp-elf/usr/lib] ==> dir [/opt/esp/tools/tools/xtensa-esp-elf/esp-13.2.0_20250707/xtensa-esp-elf/bin/../xtensa-esp-elf/usr/lib]
    arg [CMakeFiles/cmTC_1dcab.dir/CMakeCXXCompilerABI.cpp.obj] ==> ignore
    arg [-lstdc++] ==> lib [stdc++]
    arg [-lm] ==> lib [m]
    arg [-lgcc] ==> lib [gcc]
    arg [-lc] ==> lib [c]
    arg [-lnosys] ==> lib [nosys]
    arg [-lc] ==> lib [c]
    arg [-lgcc] ==> lib [gcc]
    arg [/opt/esp/tools/tools/xtensa-esp-elf/esp-13.2.0_20250707/xtensa-esp-elf/bin/../lib/gcc/xtensa-esp-elf/13.2.0/esp32/crtend.o] ==> obj [/opt/esp/tools/tools/xtensa-esp-elf/esp-13.2.0_20250707/xtensa-esp-elf/bin/../lib/gcc/xtensa-esp-elf/13.2.0/esp32/crtend.o]
    arg [/opt/esp/tools/tools/xtensa-esp-elf/esp-13.2.0_20250707/xtensa-esp-elf/bin/../lib/gcc/xtensa-esp-elf/13.2.0/esp32/crtn.o] ==> obj [/opt/esp/tools/tools/xtensa-esp-elf/esp-13.2.0_20250707/xtensa-esp-elf/bin/../lib/gcc/xtensa-esp-elf/13.2.0/esp32/crtn.o]
  collapse obj [/opt/esp/tools/tools/xtensa-esp-elf/esp-13.2.0_20250707/xtensa-esp-elf/bin/../lib/gcc/xtensa-esp-elf/13.2.0/../../../../xtensa-esp-elf/lib/esp32/crt0.o] ==> [/opt/esp/tools/tools/xtensa-esp-elf/esp-13.2.0_20250707/xtensa-esp-elf/xtensa-esp-elf/lib/esp32/crt0.o]
  collapse obj [/opt/esp/tools/tools/xtensa-esp-elf/esp-13.2.0_20250707/xtensa-esp-elf/bin/../lib/gcc/xtensa-esp-elf/13.2.0/esp32/crti.o] ==> [/opt/esp/tools/tools/xtensa-esp-elf/esp-13.2.0_20250707/xtensa-esp-elf/lib/gcc/xtensa-esp-elf/13.2.0/esp32/crti.o]
  collapse obj [/opt/esp/tools/tools/xtensa-esp-elf/esp-13.2.0_20250707/xtensa-esp-elf/bin/../lib/gcc/xtensa-esp-elf/13.2.0/esp32/crtbegin.o] ==> [/opt/esp/tools/tools/xtensa-esp-elf/esp-13.2.0_20250707/xtensa-esp-elf/lib/gcc/xtensa-esp-elf/13.2.0/esp32/crtbegin.o]
  collapse obj [/opt/esp/tools/tools/xtensa-esp-elf/esp-13.2.0_20250707/xtensa-esp-elf/bin/../lib/gcc/xtensa-esp-elf/13.2.0/esp32/crtend.o] ==> [/opt/esp/tools/tools/xtensa-esp-elf/esp-13.2.0_20250707/xtensa-esp-elf/lib/gcc/xtensa-esp-elf/13.2.0/esp32/crtend.o]
  collapse obj [/opt/esp/tools/tools/xtensa-esp-elf/esp-13.2.0_20250707/xtensa-esp-elf/bin/../lib/gcc/xtensa-esp-elf/13.2.0/esp32/crtn.o] ==> [/opt/esp/tools/tools/xtensa-esp-elf/esp-13.2.0_20250707/xtensa-esp-elf/lib/gcc/xtensa-esp-elf/13.2.0/esp32/crtn.o]
  collapse library dir [/opt/esp/tools/tools/xtensa-esp-elf/esp-13.2.0_20250707/xtensa-esp-elf/bin/../lib/gcc/xtensa-esp-elf/13.2.0/esp32] ==> [/opt/esp/tools/tools/xtensa-esp-elf/esp-13.2.0_20250707/xtensa-esp-elf/lib/gcc/xtensa-esp-elf/13.2.0/esp32]
  collapse library dir [/opt/esp/tools/tools/xtensa-esp-elf/esp-13.2.0_20250707/xtensa-esp-elf/bin/../lib/gcc/xtensa-esp-elf/13.2.0/../../../../xtensa-esp-elf/lib/esp32] ==> [/opt/esp/tools/tools/xtensa-esp-elf/esp-13.2.0_20250707/xtensa-esp-elf/xtensa-esp-elf/lib/esp32]
  collapse library dir [/opt/esp/tools/tools/xtensa-esp-elf/esp-13.2.0_20250707/xtensa-esp-elf/bin/../xtensa-esp-elf/lib/esp32] ==> [/opt/esp/tools/tools/xtensa-esp-elf/esp-13.2.0_20250707/xtensa-esp-elf/xtensa-esp-elf/lib/esp32]
  collapse library dir [/opt/esp/tools/tools/xtensa-esp-elf/esp-13.2.0_20250707/xtensa-esp-elf/bin/../lib/gcc/xtensa-esp-elf/13.2.0] ==> [/opt/esp/tools/tools/xtensa-esp-elf/esp-13.2.0_20250707/xtensa-esp-elf/lib/gcc/xtensa-esp-elf/13.2.0]
  collapse library dir [/opt/esp/tools/tools/xtensa-esp-elf/esp-13.2.0_20250707/xtensa-esp-elf/bin/../lib/gcc] ==> [/opt/esp/tools/tools/xtensa-esp-elf/esp-13.2.0_20250707/xtensa-esp-elf/lib/gcc]
  collapse library dir [/opt/esp/tools/tools/xtensa-esp-elf/esp-13.2.0_20250707/xtensa-esp-elf/bin/../lib/gcc/xtensa-esp-elf/13.2.0/../../../../xtensa-esp-elf/lib] ==> [/opt/esp/tools/tools/xtensa-esp-elf/esp-13.2.0_20250707/xtensa-esp-elf/xtensa-esp-elf/lib]
  collapse library dir [/opt/esp/tools/tools/xtensa-esp-elf/esp-13.2.0_20250707/xtensa-esp-elf/bin/../xtensa-esp-elf/lib] ==> [/opt/esp/tools/tools/xtensa-esp-elf/esp-13.2.0_20250707/xtensa-esp-elf/xtensa-esp-elf/lib]
  collapse library dir [/opt/esp/tools/tools/xtensa-esp-elf/esp-13.2.0_20250707/xtensa-esp-elf/bin/../xtensa-esp-elf/usr/lib] ==> [/opt/esp/tools/tools/xtensa-esp-elf/esp-13.2.0_20250707/xtensa-esp-elf/xtensa-esp-elf/usr/lib]
  implicit libs: [stdc++;m;gcc;c;nosys;c;gcc]
  implicit objs: [/opt/esp/tools/tools/xtensa-esp-elf/esp-13.2.0_20250707/xtensa-esp-elf/xtensa-esp-elf/lib/esp32/crt0.o;/opt/esp/tools/tools/xtensa-esp-elf/esp-13.2.0_20250707/xtensa-esp-elf/lib/gcc/xtensa-esp-elf/13.2.0/esp32/crti.o;/opt/esp/tools/tools/xtensa-esp-elf/esp-13.2.0_20250707/xtensa-esp-elf/lib/gcc/xtensa-esp-elf/13.2.0/esp32/crtbegin.o;/opt/esp/tools/tools/xtensa-esp-elf/esp-13.2.0_20250707/xtensa-esp-elf/lib/gcc/xtensa-esp-elf/13.2.0/esp32/crtend.o;/opt/esp/tools/tools/xtensa-esp-elf/esp-13.2.0_20250707/xtensa-esp-elf/lib/gcc/xtensa-esp-elf/13.2.0/esp32/crtn.o]
  implicit dirs: [/opt/esp/tools/tools/xtensa-esp-elf/esp-13.2.0_20250707/xtensa-esp-elf/lib/gcc/xtensa-esp-elf/13.2.0/esp32;/opt/esp/tools/tools/xtensa-esp-elf/esp-13.2.0_20250707/xtensa-esp-elf/xtensa-esp-elf/lib/esp32;/opt/esp/tools/tools/xtensa-esp-elf/esp-13.2.0_20250707/xtensa-esp-elf/lib/gcc/xtensa-esp-elf/13.2.0;/opt/esp/tools/tools/xtensa-esp-elf/esp-13.2.0_20250707/xtensa-esp-elf/lib/gcc;/opt/esp/tools/tools/xtensa-esp-elf/esp-13.2.0_20250707/xtensa-esp-elf/xtensa-esp-elf/lib;/opt/esp/tools/tools/xtensa-esp-elf/esp-13.2.0_20250707/xtensa-esp-elf/xtensa-esp-elf/usr/lib]
  implicit fwks: []


Determining if the include file pthread.h exists passed with the following output:
Change Dir: /workspace/vehicle_tracker/build/CMakeFiles/CMakeTmp

Run Build Command(s):/usr/bin/gmake -f Makefile cmTC_6d7e3/fast && /usr/bin/gmake  -f CMakeFiles/cmTC_6d7e3.dir/build.make CMakeFiles/cmTC_6d7e3.dir/build
gmake[1]: Entering directory '/workspace/vehicle_tracker/build/CMakeFiles/CMakeTmp'
Building C object CMakeFiles/cmTC_6d7e3.dir/CheckIncludeFile.c.obj
/opt/esp/tools/tools/xtensa-esp-elf/esp-13.2.0_20250707/xtensa-esp-elf/bin/xtensa-esp32-elf-gcc   -mlongcalls -Wno-frame-address  -fno-builtin-memcpy -fno-builtin-memset -fno-builtin-bzero -fno-builtin-stpcpy -fno-builtin-strncpy  -o CMakeFiles/cmTC_6d7e3.dir/CheckIncludeFile.c.obj -c /workspace/vehicle_tracker/build/CMakeFiles/CMakeTmp/CheckIncludeFile.c
Linking C executable cmTC_6d7e3
/usr/bin/cmake -E cmake_link_script CMakeFiles/cmTC_6d7e3.dir/link.txt --verbose=1
/opt/esp/tools/tools/xtensa-esp-elf/esp-13.2.0_20250707/xtensa-esp-elf/bin/xtensa-esp32-elf-gcc -mlongcalls -Wno-frame-address  -fno-builtin-memcpy -fno-builtin-memset -fno-builtin-bzero -fno-builtin-stpcpy -fno-builtin-strncpy  CMakeFiles/cmTC_6d7e3.dir/CheckIncludeFile.c.obj -o cmTC_6d7e3 
gmake[1]: Leaving directory '/workspace/vehicle_tracker/build/CMakeFiles/CMakeTmp'



Performing C SOURCE FILE Test CMAKE_HAVE_LIBC_PTHREAD succeeded with the following output:
Change Dir: /workspace/vehicle_tracker/build/CMakeFiles/CMakeTmp

Run Build Command(s):/usr/bin/gmake -f Makefile cmTC_0387e/fast && /usr/bin/gmake  -f CMakeFiles/cmTC_0387e.dir/build.make CMakeFiles/cmTC_0387e.dir/build
gmake[1]: Entering directory '/workspace/vehicle_tracker/build/CMakeFiles/CMakeTmp'
Building C object CMakeFiles/cmTC_0387e.dir/src.c.obj
/opt/esp/tools/tools/xtensa-esp-elf/esp-13.2.0_20250707/xtensa-esp-elf/bin/xtensa-esp32-elf-gcc -DCMAKE_HAVE_LIBC_PTHREAD  -mlongcalls -Wno-frame-address  -fno-builtin-memcpy -fno-builtin-memset -fno-builtin-bzero -fno-builtin-stpcpy -fno-builtin-strncpy  -o CMakeFiles/cmTC_0387e.dir/src.c.obj -c /workspace/vehicle_tracker/build/CMakeFiles/CMakeTmp/src.c
Linking C executable cmTC_0387e
/usr/bin/cmake -E cmake_link_script CMakeFiles/cmTC_0387e.dir/link.txt --verbose=1
/opt/esp/tools/tools/xtensa-esp-elf/esp-13.2.0_20250707/xtensa-esp-elf/bin/xtensa-esp32-elf-gcc -mlongcalls -Wno-frame-address  -fno-builtin-memcpy -fno-builtin-memset -fno-builtin-bzero -fno-builtin-stpcpy -fno-builtin-strncpy  CMakeFiles/cmTC_0387e.dir/src.c.obj -o cmTC_0387e 
/opt/esp/tools/tools/xtensa-esp-elf/esp-13.2.0_20250707/xtensa-esp-elf/bin/../lib/gcc/xtensa-esp-elf/13.2.0/../../../../xtensa-esp-elf/bin/ld: CMakeFiles/cmTC_0387e.dir/src.c.obj:(.literal+0x18): warning: pthread_exit is not implemented and will always fail
/opt/esp/tools/tools/xtensa-esp-elf/esp-13.2.0_20250707/xtensa-esp-elf/bin/../lib/gcc/xtensa-esp-elf/13.2.0/../../../../xtensa-esp-elf/bin/ld: CMakeFiles/cmTC_0387e.dir/src.c.obj:(.literal+0xc): warning: pthread_cancel is not implemented and will always fail
/opt/esp/tools/tools/xtensa-esp-elf/esp-13.2.0_20250707/xtensa-esp-elf/bin/../lib/gcc/xtensa-esp-elf/13.2.0/../../../../xtensa-esp-elf/bin/ld: CMakeFiles/cmTC_0387e.dir/src.c.obj:(.literal+0x8): warning: pthread_detach is not implemented and will always fail
/opt/esp/tools/tools/xtensa-esp-elf/esp-13.2.0_20250707/xtensa-esp-elf/bin/../lib/gcc/xtensa-esp-elf/13.2.0/../../../../xtensa-esp-elf/bin/ld: CMakeFiles/cmTC_0387e.dir/src.c.obj:(.literal+0x10): warning: pthread_join is not implemented and will always fail
/opt/esp/tools/tools/xtensa-esp-elf/esp-13.2.0_20250707/xtensa-esp-elf/bin/../lib/gcc/xtensa-esp-elf/13.2.0/../../../../xtensa-esp-elf/bin/ld: CMakeFiles/cmTC_0387e.dir/src.c.obj:(.literal+0x4): warning: pthread_create is not implemented and will always fail
/opt/esp/tools/tools/xtensa-esp-elf/esp-13.2.0_20250707/xtensa-esp-elf/bin/../lib/gcc/xtensa-esp-elf/13.2.0/../../../../xtensa-esp-elf/bin/ld: CMakeFiles/cmTC_0387e.dir/src.c.obj:(.literal+0x14): warning: pthread_atfork is not implemented and will always fail
gmake[1]: Leaving directory '/workspace/vehicle_tracker/build/CMakeFiles/CMakeTmp'


Source file was:
#include <pthread.h>

static void* test_func(void* data)
{
  return data;
}

int main(void)
{
  pthread_t thread;
  pthread_create(&thread, NULL, test_func, NULL);
  pthread_detach(thread);
  pthread_cancel(thread);
  pthread_join(thread, NULL);
  pthread_atfork(NULL, NULL, NULL);
  pthread_exit(NULL);

  return 0;
}

Performing C SOURCE FILE Test C_COMPILER_SUPPORTS_WFORMAT_SIGNEDNESS succeeded with the following output:
Change Dir: /workspace/vehicle_tracker/build/CMakeFiles/CMakeTmp

Run Build Command(s):/usr/bin/gmake -f Makefile cmTC_69d06/fast && /usr/bin/gmake  -f CMakeFiles/cmTC_69d06.dir/build.make CMakeFiles/cmTC_69d06.dir/build
gmake[1]: Entering directory '/workspace/vehicle_tracker/build/CMakeFiles/CMakeTmp'
Building C object CMakeFiles/cmTC_69d06.dir/src.c.obj
/opt/esp/tools/tools/xtensa-esp-elf/esp-13.2.0_20250707/xtensa-esp-elf/bin/xtensa-esp32-elf-gcc -DC_COMPILER_SUPPORTS_WFORMAT_SIGNEDNESS  -mlongcalls -Wno-frame-address  -fno-builtin-memcpy -fno-builtin-memset -fno-builtin-bzero -fno-builtin-stpcpy -fno-builtin-strncpy -Wall -Wextra -Wwrite-strings -Wmissing-prototypes -Wformat=2 -Wno-format-nonliteral -Wvla -Wlogical-op -Wshadow    -Wformat-signedness -o CMakeFiles/cmTC_69d06.dir/src.c.obj -c /workspace/vehicle_tracker/build/CMakeFiles/CMakeTmp/src.c
Linking C executable cmTC_69d06
/usr/bin/cmake -E cmake_link_script CMakeFiles/cmTC_69d06.dir/link.txt --verbose=1
/opt/esp/tools/tools/xtensa-esp-elf/esp-13.2.0_20250707/xtensa-esp-elf/bin/xtensa-esp32-elf-gcc -mlongcalls -Wno-frame-address  -fno-builtin-memcpy -fno-builtin-memset -fno-builtin-bzero -fno-builtin-stpcpy -fno-builtin-strncpy -Wall -Wextra -Wwrite-strings -Wmissing-prototypes -Wformat=2 -Wno-format-nonliteral -Wvla -Wlogical-op -Wshadow  CMakeFiles/cmTC_69d06.dir/src.c.obj -o cmTC_69d06 
gmake[1]: Leaving directory '/workspace/vehicle_tracker/build/CMakeFiles/CMakeTmp'


Source file was:
int main(void) { return 0; }
The target system is: Generic -  - 
The host system is: Linux - 7.0.0-22-generic - x86_64
Compiling the C compiler identification source file "CMakeCCompilerId.c" succeeded.
Compiler: /opt/esp/tools/tools/xtensa-esp-elf/esp-13.2.0_20250707/xtensa-esp-elf/bin/xtensa-esp32-elf-gcc 
Build flags: -mlongcalls;-Wno-frame-address;;-fno-builtin-memcpy;-fno-builtin-memset;-fno-builtin-bzero;-fno-builtin-stpcpy;-fno-builtin-strncpy
Id flags:  

The output was:
0


Compilation of the C compiler identification source "CMakeCCompilerId.c" produced "a.out"

The C compiler identification is GNU, found in "/workspace/vehicle_tracker/build/CMakeFiles/3.22.1/CompilerIdC/a.out"

Compiling the CXX compiler identification source file "CMakeCXXCompilerId.cpp" succeeded.
Compiler: /opt/esp/tools/tools/xtensa-esp-elf/esp-13.2.0_20250707/xtensa-esp-elf/bin/xtensa-esp32-elf-g++ 
Build flags: -mlongcalls;-Wno-frame-address;;-fno-builtin-memcpy;-fno-builtin-memset;-fno-builtin-bzero;-fno-builtin-stpcpy;-fno-builtin-strncpy
Id flags:  

The output was:
0


Compilation of the CXX compiler identification source "CMakeCXXCompilerId.cpp" produced "a.out"

The CXX compiler identification is GNU, found in "/workspace/vehicle_tracker/build/CMakeFiles/3.22.1/CompilerIdCXX/a.out"

Checking whether the ASM compiler is GNU using "--version" matched "(GNU assembler)|(GCC)|(Free Software Foundation)":
xtensa-esp-elf-gcc (crosstool-NG esp-13.2.0_20250707) 13.2.0
Copyright (C) 2023 Free Software Foundation, Inc.
This is free software; see the source for copying conditions.  There is NO
warranty; not even for MERCHANTABILITY or FITNESS FOR A PARTICULAR PURPOSE.

Detecting C compiler ABI info compiled with the following output:
Change Dir: /workspace/vehicle_tracker/build/CMakeFiles/CMakeTmp

Run Build Command(s):/usr/bin/gmake -f Makefile cmTC_73b12/fast && /usr/bin/gmake  -f CMakeFiles/cmTC_73b12.dir/build.make CMakeFiles/cmTC_73b12.dir/build
gmake[1]: Entering directory '/workspace/vehicle_tracker/build/CMakeFiles/CMakeTmp'
Building C object CMakeFiles/cmTC_73b12.dir/CMakeCCompilerABI.c.obj
/opt/esp/tools/tools/xtensa-esp-elf/esp-13.2.0_20250707/xtensa-esp-elf/bin/xtensa-esp32-elf-gcc   -mlongcalls -Wno-frame-address  -fno-builtin-memcpy -fno-builtin-memset -fno-builtin-bzero -fno-builtin-stpcpy -fno-builtin-strncpy    -v -o CMakeFiles/cmTC_73b12.dir/CMakeCCompilerABI.c.obj -c /usr/share/cmake-3.22/Modules/CMakeCCompilerABI.c
Using built-in specs.
COLLECT_GCC=/opt/esp/tools/tools/xtensa-esp-elf/esp-13.2.0_20250707/xtensa-esp-elf/bin/xtensa-esp-elf-gcc
Target: xtensa-esp-elf
Configured with: /builds/idf/crosstool-NG/.build/xtensa-esp-elf/src/gcc/configure --build=x86_64-build_pc-linux-gnu --host=x86_64-build_pc-linux-gnu --target=xtensa-esp-elf --prefix=/builds/idf/crosstool-NG/builds/xtensa-esp-elf --exec_prefix=/builds/idf/crosstool-NG/builds/xtensa-esp-elf --with-local-prefix=/builds/idf/crosstool-NG/builds/xtensa-esp-elf/xtensa-esp-elf --with-sysroot=/builds/idf/crosstool-NG/builds/xtensa-esp-elf/xtensa-esp-elf --with-native-system-header-dir=/include --with-newlib --enable-threads=no --disable-shared --with-pkgversion='crosstool-NG esp-13.2.0_20250707' --disable-__cxa_atexit --enable-cxx-flags='-ffunction-sections -fdata-sections' --disable-libgomp --disable-libmudflap --disable-libmpx --disable-libssp --disable-libquadmath --disable-libquadmath-support --disable-libstdcxx-verbose --with-gmp=/builds/idf/crosstool-NG/.build/xtensa-esp-elf/buildtools --with-mpfr=/builds/idf/crosstool-NG/.build/xtensa-esp-elf/buildtools --with-mpc=/builds/idf/crosstool-NG/.build/xtensa-esp-elf/buildtools --with-isl=/builds/idf/crosstool-NG/.build/xtensa-esp-elf/buildtools --enable-lto --enable-target-optspace --without-long-double-128 --disable-nls --enable-multiarch --enable-languages=c,c++ --disable-libstdcxx-verbose --enable-threads=posix --enable-gcov-custom-rtio --enable-libstdcxx-time=yes
Thread model: posix
Supported LTO compression algorithms: zlib zstd
gcc version 13.2.0 (crosstool-NG esp-13.2.0_20250707) 
COLLECT_GCC_OPTIONS='-mdynconfig=xtensa_esp32.so' '-mlongcalls' '-Wno-frame-address' '-fno-builtin-memcpy' '-fno-builtin-memset' '-fno-builtin-bzero' '-fno-builtin-stpcpy' '-fno-builtin-strncpy' '-v' '-o' 'CMakeFiles/cmTC_73b12.dir/CMakeCCompilerABI.c.obj' '-c' '-dumpdir' 'CMakeFiles/cmTC_73b12.dir/'
 /opt/esp/tools/tools/xtensa-esp-elf/esp-13.2.0_20250707/xtensa-esp-elf/bin/../libexec/gcc/xtensa-esp-elf/13.2.0/cc1 -quiet -v -imultilib esp32 -iprefix /opt/esp/tools/tools/xtensa-esp-elf/esp-13.2.0_20250707/xtensa-esp-elf/bin/../lib/gcc/xtensa-esp-elf/13.2.0/ -isysroot /opt/esp/tools/tools/xtensa-esp-elf/esp-13.2.0_20250707/xtensa-esp-elf/bin/../xtensa-esp-elf /usr/share/cmake-3.22/Modules/CMakeCCompilerABI.c -quiet -dumpdir CMakeFiles/cmTC_73b12.dir/ -dumpbase CMakeCCompilerABI.c.c -dumpbase-ext .c -mdynconfig=xtensa_esp32.so -mlongcalls -Wno-frame-address -version -fno-builtin-memcpy -fno-builtin-memset -fno-builtin-bzero -fno-builtin-stpcpy -fno-builtin-strncpy -o /tmp/ccQfLzlo.s
GNU C17 (crosstool-NG esp-13.2.0_20250707) version 13.2.0 (xtensa-esp-elf)
	compiled by GNU C version 4.9.2, GMP version 6.2.1, MPFR version 4.2.1, MPC version 1.2.1, isl version isl-0.26-GMP

GGC heuristics: --param ggc-min-expand=100 --param ggc-min-heapsize=131072
ignoring duplicate directory "/opt/esp/tools/tools/xtensa-esp-elf/esp-13.2.0_20250707/xtensa-esp-elf/bin/../lib/gcc/../../lib/gcc/xtensa-esp-elf/13.2.0/include"
ignoring nonexistent directory "/opt/esp/tools/tools/xtensa-esp-elf/esp-13.2.0_20250707/xtensa-esp-elf/bin/../xtensa-esp-elf/builds/idf/crosstool-NG/builds/xtensa-esp-elf/xtensa-esp-elf/include"
ignoring duplicate directory "/opt/esp/tools/tools/xtensa-esp-elf/esp-13.2.0_20250707/xtensa-esp-elf/bin/../lib/gcc/../../lib/gcc/xtensa-esp-elf/13.2.0/include-fixed"
ignoring duplicate directory "/opt/esp/tools/tools/xtensa-esp-elf/esp-13.2.0_20250707/xtensa-esp-elf/bin/../lib/gcc/../../lib/gcc/xtensa-esp-elf/13.2.0/../../../../xtensa-esp-elf/include"
ignoring duplicate directory "/opt/esp/tools/tools/xtensa-esp-elf/esp-13.2.0_20250707/xtensa-esp-elf/bin/../xtensa-esp-elf/include"
#include "..." search starts here:
#include <...> search starts here:
 /opt/esp/tools/tools/xtensa-esp-elf/esp-13.2.0_20250707/xtensa-esp-elf/bin/../lib/gcc/xtensa-esp-elf/13.2.0/include
 /opt/esp/tools/tools/xtensa-esp-elf/esp-13.2.0_20250707/xtensa-esp-elf/bin/../lib/gcc/xtensa-esp-elf/13.2.0/include-fixed
 /opt/esp/tools/tools/xtensa-esp-elf/esp-13.2.0_20250707/xtensa-esp-elf/bin/../lib/gcc/xtensa-esp-elf/13.2.0/../../../../xtensa-esp-elf/include
End of search list.
Compiler executable checksum: bf6e4f381f6eced3fd7e4a00baedeb5c
COLLECT_GCC_OPTIONS='-mdynconfig=xtensa_esp32.so' '-mlongcalls' '-Wno-frame-address' '-fno-builtin-memcpy' '-fno-builtin-memset' '-fno-builtin-bzero' '-fno-builtin-stpcpy' '-fno-builtin-strncpy' '-v' '-o' 'CMakeFiles/cmTC_73b12.dir/CMakeCCompilerABI.c.obj' '-c' '-dumpdir' 'CMakeFiles/cmTC_73b12.dir/'
 /opt/esp/tools/tools/xtensa-esp-elf/esp-13.2.0_20250707/xtensa-esp-elf/bin/../lib/gcc/xtensa-esp-elf/13.2.0/../../../../xtensa-esp-elf/bin/as --traditional-format --longcalls --dynconfig=xtensa_esp32.so -o CMakeFiles/cmTC_73b12.dir/CMakeCCompilerABI.c.obj /tmp/ccQfLzlo.s
COMPILER_PATH=/opt/esp/tools/tools/xtensa-esp-elf/esp-13.2.0_20250707/xtensa-esp-elf/bin/../libexec/gcc/xtensa-esp-elf/13.2.0/:/opt/esp/tools/tools/xtensa-esp-elf/esp-13.2.0_20250707/xtensa-esp-elf/bin/../libexec/gcc/:/opt/esp/tools/tools/xtensa-esp-elf/esp-13.2.0_20250707/xtensa-esp-elf/bin/../lib/gcc/xtensa-esp-elf/13.2.0/../../../../xtensa-esp-elf/bin/
LIBRARY_PATH=/opt/esp/tools/tools/xtensa-esp-elf/esp-13.2.0_20250707/xtensa-esp-elf/bin/../lib/gcc/xtensa-esp-elf/13.2.0/esp32/:/opt/esp/tools/tools/xtensa-esp-elf/esp-13.2.0_20250707/xtensa-esp-elf/bin/../lib/gcc/xtensa-esp-elf/13.2.0/../../../../xtensa-esp-elf/lib/esp32/:/opt/esp/tools/tools/xtensa-esp-elf/esp-13.2.0_20250707/xtensa-esp-elf/bin/../xtensa-esp-elf/lib/esp32/:/opt/esp/tools/tools/xtensa-esp-elf/esp-13.2.0_20250707/xtensa-esp-elf/bin/../lib/gcc/xtensa-esp-elf/13.2.0/:/opt/esp/tools/tools/xtensa-esp-elf/esp-13.2.0_20250707/xtensa-esp-elf/bin/../lib/gcc/:/opt/esp/tools/tools/xtensa-esp-elf/esp-13.2.0_20250707/xtensa-esp-elf/bin/../lib/gcc/xtensa-esp-elf/13.2.0/../../../../xtensa-esp-elf/lib/:/opt/esp/tools/tools/xtensa-esp-elf/esp-13.2.0_20250707/xtensa-esp-elf/bin/../xtensa-esp-elf/lib/:/opt/esp/tools/tools/xtensa-esp-elf/esp-13.2.0_20250707/xtensa-esp-elf/bin/../xtensa-esp-elf/usr/lib/
COLLECT_GCC_OPTIONS='-mdynconfig=xtensa_esp32.so' '-mlongcalls' '-Wno-frame-address' '-fno-builtin-memcpy' '-fno-builtin-memset' '-fno-builtin-bzero' '-fno-builtin-stpcpy' '-fno-builtin-strncpy' '-v' '-o' 'CMakeFiles/cmTC_73b12.dir/CMakeCCompilerABI.c.obj' '-c' '-dumpdir' 'CMakeFiles/cmTC_73b12.dir/CMakeCCompilerABI.c.'
Linking C executable cmTC_73b12
/usr/bin/cmake -E cmake_link_script CMakeFiles/cmTC_73b12.dir/link.txt --verbose=1
/opt/esp/tools/tools/xtensa-esp-elf/esp-13.2.0_20250707/xtensa-esp-elf/bin/xtensa-esp32-elf-gcc -mlongcalls -Wno-frame-address  -fno-builtin-memcpy -fno-builtin-memset -fno-builtin-bzero -fno-builtin-stpcpy -fno-builtin-strncpy   -v CMakeFiles/cmTC_73b12.dir/CMakeCCompilerABI.c.obj -o cmTC_73b12 
Using built-in specs.
COLLECT_GCC=/opt/esp/tools/tools/xtensa-esp-elf/esp-13.2.0_20250707/xtensa-esp-elf/bin/xtensa-esp-elf-gcc
COLLECT_LTO_WRAPPER=/opt/esp/tools/tools/xtensa-esp-elf/esp-13.2.0_20250707/xtensa-esp-elf/bin/../libexec/gcc/xtensa-esp-elf/13.2.0/lto-wrapper
Target: xtensa-esp-elf
Configured with: /builds/idf/crosstool-NG/.build/xtensa-esp-elf/src/gcc/configure --build=x86_64-build_pc-linux-gnu --host=x86_64-build_pc-linux-gnu --target=xtensa-esp-elf --prefix=/builds/idf/crosstool-NG/builds/xtensa-esp-elf --exec_prefix=/builds/idf/crosstool-NG/builds/xtensa-esp-elf --with-local-prefix=/builds/idf/crosstool-NG/builds/xtensa-esp-elf/xtensa-esp-elf --with-sysroot=/builds/idf/crosstool-NG/builds/xtensa-esp-elf/xtensa-esp-elf --with-native-system-header-dir=/include --with-newlib --enable-threads=no --disable-shared --with-pkgversion='crosstool-NG esp-13.2.0_20250707' --disable-__cxa_atexit --enable-cxx-flags='-ffunction-sections -fdata-sections' --disable-libgomp --disable-libmudflap --disable-libmpx --disable-libssp --disable-libquadmath --disable-libquadmath-support --disable-libstdcxx-verbose --with-gmp=/builds/idf/crosstool-NG/.build/xtensa-esp-elf/buildtools --with-mpfr=/builds/idf/crosstool-NG/.build/xtensa-esp-elf/buildtools --with-mpc=/builds/idf/crosstool-NG/.build/xtensa-esp-elf/buildtools --with-isl=/builds/idf/crosstool-NG/.build/xtensa-esp-elf/buildtools --enable-lto --enable-target-optspace --without-long-double-128 --disable-nls --enable-multiarch --enable-languages=c,c++ --disable-libstdcxx-verbose --enable-threads=posix --enable-gcov-custom-rtio --enable-libstdcxx-time=yes
Thread model: posix
Supported LTO compression algorithms: zlib zstd
gcc version 13.2.0 (crosstool-NG esp-13.2.0_20250707) 
COMPILER_PATH=/opt/esp/tools/tools/xtensa-esp-elf/esp-13.2.0_20250707/xtensa-esp-elf/bin/../libexec/gcc/xtensa-esp-elf/13.2.0/:/opt/esp/tools/tools/xtensa-esp-elf/esp-13.2.0_20250707/xtensa-esp-elf/bin/../libexec/gcc/:/opt/esp/tools/tools/xtensa-esp-elf/esp-13.2.0_20250707/xtensa-esp-elf/bin/../lib/gcc/xtensa-esp-elf/13.2.0/../../../../xtensa-esp-elf/bin/
LIBRARY_PATH=/opt/esp/tools/tools/xtensa-esp-elf/esp-13.2.0_20250707/xtensa-esp-elf/bin/../lib/gcc/xtensa-esp-elf/13.2.0/esp32/:/opt/esp/tools/tools/xtensa-esp-elf/esp-13.2.0_20250707/xtensa-esp-elf/bin/../lib/gcc/xtensa-esp-elf/13.2.0/../../../../xtensa-esp-elf/lib/esp32/:/opt/esp/tools/tools/xtensa-esp-elf/esp-13.2.0_20250707/xtensa-esp-elf/bin/../xtensa-esp-elf/lib/esp32/:/opt/esp/tools/tools/xtensa-esp-elf/esp-13.2.0_20250707/xtensa-esp-elf/bin/../lib/gcc/xtensa-esp-elf/13.2.0/:/opt/esp/tools/tools/xtensa-esp-elf/esp-13.2.0_20250707/xtensa-esp-elf/bin/../lib/gcc/:/opt/esp/tools/tools/xtensa-esp-elf/esp-13.2.0_20250707/xtensa-esp-elf/bin/../lib/gcc/xtensa-esp-elf/13.2.0/../../../../xtensa-esp-elf/lib/:/opt/esp/tools/tools/xtensa-esp-elf/esp-13.2.0_20250707/xtensa-esp-elf/bin/../xtensa-esp-elf/lib/:/opt/esp/tools/tools/xtensa-esp-elf/esp-13.2.0_20250707/xtensa-esp-elf/bin/../xtensa-esp-elf/usr/lib/
COLLECT_GCC_OPTIONS='-mdynconfig=xtensa_esp32.so' '-mlongcalls' '-Wno-frame-address' '-fno-builtin-memcpy' '-fno-builtin-memset' '-fno-builtin-bzero' '-fno-builtin-stpcpy' '-fno-builtin-strncpy' '-v' '-o' 'cmTC_73b12' '-dumpdir' 'cmTC_73b12.'
 /opt/esp/tools/tools/xtensa-esp-elf/esp-13.2.0_20250707/xtensa-esp-elf/bin/../libexec/gcc/xtensa-esp-elf/13.2.0/collect2 -plugin /opt/esp/tools/tools/xtensa-esp-elf/esp-13.2.0_20250707/xtensa-esp-elf/bin/../libexec/gcc/xtensa-esp-elf/13.2.0/liblto_plugin.so -plugin-opt=/opt/esp/tools/tools/xtensa-esp-elf/esp-13.2.0_20250707/xtensa-esp-elf/bin/../libexec/gcc/xtensa-esp-elf/13.2.0/lto-wrapper -plugin-opt=-fresolution=/tmp/cczGV6Sl.res -plugin-opt=-pass-through=-lgcc -plugin-opt=-pass-through=-lc -plugin-opt=-pass-through=-lnosys -plugin-opt=-pass-through=-lc -plugin-opt=-pass-through=-lgcc --sysroot=/opt/esp/tools/tools/xtensa-esp-elf/esp-13.2.0_20250707/xtensa-esp-elf/bin/../xtensa-esp-elf --dynconfig=xtensa_esp32.so -o cmTC_73b12 /opt/esp/tools/tools/xtensa-esp-elf/esp-13.2.0_20250707/xtensa-esp-elf/bin/../lib/gcc/xtensa-esp-elf/13.2.0/../../../../xtensa-esp-elf/lib/esp32/crt0.o /opt/esp/tools/tools/xtensa-esp-elf/esp-13.2.0_20250707/xtensa-esp-elf/bin/../lib/gcc/xtensa-esp-elf/13.2.0/esp32/crti.o /opt/esp/tools/tools/xtensa-esp-elf/esp-13.2.0_20250707/xtensa-esp-elf/bin/../lib/gcc/xtensa-esp-elf/13.2.0/esp32/crtbegin.o -L/opt/esp/tools/tools/xtensa-esp-elf/esp-13.2.0_20250707/xtensa-esp-elf/bin/../lib/gcc/xtensa-esp-elf/13.2.0/esp32 -L/opt/esp/tools/tools/xtensa-esp-elf/esp-13.2.0_20250707/xtensa-esp-elf/bin/../lib/gcc/xtensa-esp-elf/13.2.0/../../../../xtensa-esp-elf/lib/esp32 -L/opt/esp/tools/tools/xtensa-esp-elf/esp-13.2.0_20250707/xtensa-esp-elf/bin/../xtensa-esp-elf/lib/esp32 -L/opt/esp/tools/tools/xtensa-esp-elf/esp-13.2.0_20250707/xtensa-esp-elf/bin/../lib/gcc/xtensa-esp-elf/13.2.0 -L/opt/esp/tools/tools/xtensa-esp-elf/esp-13.2.0_20250707/xtensa-esp-elf/bin/../lib/gcc -L/opt/esp/tools/tools/xtensa-esp-elf/esp-13.2.0_20250707/xtensa-esp-elf/bin/../lib/gcc/xtensa-esp-elf/13.2.0/../../../../xtensa-esp-elf/lib -L/opt/esp/tools/tools/xtensa-esp-elf/esp-13.2.0_20250707/xtensa-esp-elf/bin/../xtensa-esp-elf/lib -L/opt/esp/tools/tools/xtensa-esp-elf/esp-13.2.0_20250707/xtensa-esp-elf/bin/../xtensa-esp-elf/usr/lib CMakeFiles/cmTC_73b12.dir/CMakeCCompilerABI.c.obj -lgcc -lc -lnosys -lc -lgcc /opt/esp/tools/tools/xtensa-esp-elf/esp-13.2.0_20250707/xtensa-esp-elf/bin/../lib/gcc/xtensa-esp-elf/13.2.0/esp32/crtend.o /opt/esp/tools/tools/xtensa-esp-elf/esp-13.2.0_20250707/xtensa-esp-elf/bin/../lib/gcc/xtensa-esp-elf/13.2.0/esp32/crtn.o
COLLECT_GCC_OPTIONS='-mdynconfig=xtensa_esp32.so' '-mlongcalls' '-Wno-frame-address' '-fno-builtin-memcpy' '-fno-builtin-memset' '-fno-builtin-bzero' '-fno-builtin-stpcpy' '-fno-builtin-strncpy' '-v' '-o' 'cmTC_73b12' '-dumpdir' 'cmTC_73b12.'
gmake[1]: Leaving directory '/workspace/vehicle_tracker/build/CMakeFiles/CMakeTmp'



Parsed C implicit include dir info from above output: rv=done
  found start of include info
  found start of implicit include info
    add: [/opt/esp/tools/tools/xtensa-esp-elf/esp-13.2.0_20250707/xtensa-esp-elf/bin/../lib/gcc/xtensa-esp-elf/13.2.0/include]
    add: [/opt/esp/tools/tools/xtensa-esp-elf/esp-13.2.0_20250707/xtensa-esp-elf/bin/../lib/gcc/xtensa-esp-elf/13.2.0/include-fixed]
    add: [/opt/esp/tools/tools/xtensa-esp-elf/esp-13.2.0_20250707/xtensa-esp-elf/bin/../lib/gcc/xtensa-esp-elf/13.2.0/../../../../xtensa-esp-elf/include]
  end of search list found
  collapse include dir [/opt/esp/tools/tools/xtensa-esp-elf/esp-13.2.0_20250707/xtensa-esp-elf/bin/../lib/gcc/xtensa-esp-elf/13.2.0/include] ==> [/opt/esp/tools/tools/xtensa-esp-elf/esp-13.2.0_20250707/xtensa-esp-elf/lib/gcc/xtensa-esp-elf/13.2.0/include]
  collapse include dir [/opt/esp/tools/tools/xtensa-esp-elf/esp-13.2.0_20250707/xtensa-esp-elf/bin/../lib/gcc/xtensa-esp-elf/13.2.0/include-fixed] ==> [/opt/esp/tools/tools/xtensa-esp-elf/esp-13.2.0_20250707/xtensa-esp-elf/lib/gcc/xtensa-esp-elf/13.2.0/include-fixed]
  collapse include dir [/opt/esp/tools/tools/xtensa-esp-elf/esp-13.2.0_20250707/xtensa-esp-elf/bin/../lib/gcc/xtensa-esp-elf/13.2.0/../../../../xtensa-esp-elf/include] ==> [/opt/esp/tools/tools/xtensa-esp-elf/esp-13.2.0_20250707/xtensa-esp-elf/xtensa-esp-elf/include]
  implicit include dirs: [/opt/esp/tools/tools/xtensa-esp-elf/esp-13.2.0_20250707/xtensa-esp-elf/lib/gcc/xtensa-esp-elf/13.2.0/include;/opt/esp/tools/tools/xtensa-esp-elf/esp-13.2.0_20250707/xtensa-esp-elf/lib/gcc/xtensa-esp-elf/13.2.0/include-fixed;/opt/esp/tools/tools/xtensa-esp-elf/esp-13.2.0_20250707/xtensa-esp-elf/xtensa-esp-elf/include]


Parsed C implicit link information from above output:
  link line regex: [^( *|.*[/\])(xtensa-esp32-elf-ld|CMAKE_LINK_STARTFILE-NOTFOUND|([^/\]+-)?ld|collect2)[^/\]*( |$)]
  ignore line: [Change Dir: /workspace/vehicle_tracker/build/CMakeFiles/CMakeTmp]
  ignore line: []
  ignore line: [Run Build Command(s):/usr/bin/gmake -f Makefile cmTC_73b12/fast && /usr/bin/gmake  -f CMakeFiles/cmTC_73b12.dir/build.make CMakeFiles/cmTC_73b12.dir/build]
  ignore line: [gmake[1]: Entering directory '/workspace/vehicle_tracker/build/CMakeFiles/CMakeTmp']
  ignore line: [Building C object CMakeFiles/cmTC_73b12.dir/CMakeCCompilerABI.c.obj]
  ignore line: [/opt/esp/tools/tools/xtensa-esp-elf/esp-13.2.0_20250707/xtensa-esp-elf/bin/xtensa-esp32-elf-gcc   -mlongcalls -Wno-frame-address  -fno-builtin-memcpy -fno-builtin-memset -fno-builtin-bzero -fno-builtin-stpcpy -fno-builtin-strncpy    -v -o CMakeFiles/cmTC_73b12.dir/CMakeCCompilerABI.c.obj -c /usr/share/cmake-3.22/Modules/CMakeCCompilerABI.c]
  ignore line: [Using built-in specs.]
  ignore line: [COLLECT_GCC=/opt/esp/tools/tools/xtensa-esp-elf/esp-13.2.0_20250707/xtensa-esp-elf/bin/xtensa-esp-elf-gcc]
  ignore line: [Target: xtensa-esp-elf]
  ignore line: [Configured with: /builds/idf/crosstool-NG/.build/xtensa-esp-elf/src/gcc/configure --build=x86_64-build_pc-linux-gnu --host=x86_64-build_pc-linux-gnu --target=xtensa-esp-elf --prefix=/builds/idf/crosstool-NG/builds/xtensa-esp-elf --exec_prefix=/builds/idf/crosstool-NG/builds/xtensa-esp-elf --with-local-prefix=/builds/idf/crosstool-NG/builds/xtensa-esp-elf/xtensa-esp-elf --with-sysroot=/builds/idf/crosstool-NG/builds/xtensa-esp-elf/xtensa-esp-elf --with-native-system-header-dir=/include --with-newlib --enable-threads=no --disable-shared --with-pkgversion='crosstool-NG esp-13.2.0_20250707' --disable-__cxa_atexit --enable-cxx-flags='-ffunction-sections -fdata-sections' --disable-libgomp --disable-libmudflap --disable-libmpx --disable-libssp --disable-libquadmath --disable-libquadmath-support --disable-libstdcxx-verbose --with-gmp=/builds/idf/crosstool-NG/.build/xtensa-esp-elf/buildtools --with-mpfr=/builds/idf/crosstool-NG/.build/xtensa-esp-elf/buildtools --with-mpc=/builds/idf/crosstool-NG/.build/xtensa-esp-elf/buildtools --with-isl=/builds/idf/crosstool-NG/.build/xtensa-esp-elf/buildtools --enable-lto --enable-target-optspace --without-long-double-128 --disable-nls --enable-multiarch --enable-languages=c c++ --disable-libstdcxx-verbose --enable-threads=posix --enable-gcov-custom-rtio --enable-libstdcxx-time=yes]
  ignore line: [Thread model: posix]
  ignore line: [Supported LTO compression algorithms: zlib zstd]
  ignore line: [gcc version 13.2.0 (crosstool-NG esp-13.2.0_20250707) ]
  ignore line: [COLLECT_GCC_OPTIONS='-mdynconfig=xtensa_esp32.so' '-mlongcalls' '-Wno-frame-address' '-fno-builtin-memcpy' '-fno-builtin-memset' '-fno-builtin-bzero' '-fno-builtin-stpcpy' '-fno-builtin-strncpy' '-v' '-o' 'CMakeFiles/cmTC_73b12.dir/CMakeCCompilerABI.c.obj' '-c' '-dumpdir' 'CMakeFiles/cmTC_73b12.dir/']
  ignore line: [ /opt/esp/tools/tools/xtensa-esp-elf/esp-13.2.0_20250707/xtensa-esp-elf/bin/../libexec/gcc/xtensa-esp-elf/13.2.0/cc1 -quiet -v -imultilib esp32 -iprefix /opt/esp/tools/tools/xtensa-esp-elf/esp-13.2.0_20250707/xtensa-esp-elf/bin/../lib/gcc/xtensa-esp-elf/13.2.0/ -isysroot /opt/esp/tools/tools/xtensa-esp-elf/esp-13.2.0_20250707/xtensa-esp-elf/bin/../xtensa-esp-elf /usr/share/cmake-3.22/Modules/CMakeCCompilerABI.c -quiet -dumpdir CMakeFiles/cmTC_73b12.dir/ -dumpbase CMakeCCompilerABI.c.c -dumpbase-ext .c -mdynconfig=xtensa_esp32.so -mlongcalls -Wno-frame-address -version -fno-builtin-memcpy -fno-builtin-memset -fno-builtin-bzero -fno-builtin-stpcpy -fno-builtin-strncpy -o /tmp/ccQfLzlo.s]
  ignore line: [GNU C17 (crosstool-NG esp-13.2.0_20250707) version 13.2.0 (xtensa-esp-elf)]
  ignore line: [	compiled by GNU C version 4.9.2  GMP version 6.2.1  MPFR version 4.2.1  MPC version 1.2.1  isl version isl-0.26-GMP]
  ignore line: []
  ignore line: [GGC heuristics: --param ggc-min-expand=100 --param ggc-min-heapsize=131072]
  ignore line: [ignoring duplicate directory "/opt/esp/tools/tools/xtensa-esp-elf/esp-13.2.0_20250707/xtensa-esp-elf/bin/../lib/gcc/../../lib/gcc/xtensa-esp-elf/13.2.0/include"]
  ignore line: [ignoring nonexistent directory "/opt/esp/tools/tools/xtensa-esp-elf/esp-13.2.0_20250707/xtensa-esp-elf/bin/../xtensa-esp-elf/builds/idf/crosstool-NG/builds/xtensa-esp-elf/xtensa-esp-elf/include"]
  ignore line: [ignoring duplicate directory "/opt/esp/tools/tools/xtensa-esp-elf/esp-13.2.0_20250707/xtensa-esp-elf/bin/../lib/gcc/../../lib/gcc/xtensa-esp-elf/13.2.0/include-fixed"]
  ignore line: [ignoring duplicate directory "/opt/esp/tools/tools/xtensa-esp-elf/esp-13.2.0_20250707/xtensa-esp-elf/bin/../lib/gcc/../../lib/gcc/xtensa-esp-elf/13.2.0/../../../../xtensa-esp-elf/include"]
  ignore line: [ignoring duplicate directory "/opt/esp/tools/tools/xtensa-esp-elf/esp-13.2.0_20250707/xtensa-esp-elf/bin/../xtensa-esp-elf/include"]
  ignore line: [#include "..." search starts here:]
  ignore line: [#include <...> search starts here:]
  ignore line: [ /opt/esp/tools/tools/xtensa-esp-elf/esp-13.2.0_20250707/xtensa-esp-elf/bin/../lib/gcc/xtensa-esp-elf/13.2.0/include]
  ignore line: [ /opt/esp/tools/tools/xtensa-esp-elf/esp-13.2.0_20250707/xtensa-esp-elf/bin/../lib/gcc/xtensa-esp-elf/13.2.0/include-fixed]
  ignore line: [ /opt/esp/tools/tools/xtensa-esp-elf/esp-13.2.0_20250707/xtensa-esp-elf/bin/../lib/gcc/xtensa-esp-elf/13.2.0/../../../../xtensa-esp-elf/include]
  ignore line: [End of search list.]
  ignore line: [Compiler executable checksum: bf6e4f381f6eced3fd7e4a00baedeb5c]
  ignore line: [COLLECT_GCC_OPTIONS='-mdynconfig=xtensa_esp32.so' '-mlongcalls' '-Wno-frame-address' '-fno-builtin-memcpy' '-fno-builtin-memset' '-fno-builtin-bzero' '-fno-builtin-stpcpy' '-fno-builtin-strncpy' '-v' '-o' 'CMakeFiles/cmTC_73b12.dir/CMakeCCompilerABI.c.obj' '-c' '-dumpdir' 'CMakeFiles/cmTC_73b12.dir/']
  ignore line: [ /opt/esp/tools/tools/xtensa-esp-elf/esp-13.2.0_20250707/xtensa-esp-elf/bin/../lib/gcc/xtensa-esp-elf/13.2.0/../../../../xtensa-esp-elf/bin/as --traditional-format --longcalls --dynconfig=xtensa_esp32.so -o CMakeFiles/cmTC_73b12.dir/CMakeCCompilerABI.c.obj /tmp/ccQfLzlo.s]
  ignore line: [COMPILER_PATH=/opt/esp/tools/tools/xtensa-esp-elf/esp-13.2.0_20250707/xtensa-esp-elf/bin/../libexec/gcc/xtensa-esp-elf/13.2.0/:/opt/esp/tools/tools/xtensa-esp-elf/esp-13.2.0_20250707/xtensa-esp-elf/bin/../libexec/gcc/:/opt/esp/tools/tools/xtensa-esp-elf/esp-13.2.0_20250707/xtensa-esp-elf/bin/../lib/gcc/xtensa-esp-elf/13.2.0/../../../../xtensa-esp-elf/bin/]
  ignore line: [LIBRARY_PATH=/opt/esp/tools/tools/xtensa-esp-elf/esp-13.2.0_20250707/xtensa-esp-elf/bin/../lib/gcc/xtensa-esp-elf/13.2.0/esp32/:/opt/esp/tools/tools/xtensa-esp-elf/esp-13.2.0_20250707/xtensa-esp-elf/bin/../lib/gcc/xtensa-esp-elf/13.2.0/../../../../xtensa-esp-elf/lib/esp32/:/opt/esp/tools/tools/xtensa-esp-elf/esp-13.2.0_20250707/xtensa-esp-elf/bin/../xtensa-esp-elf/lib/esp32/:/opt/esp/tools/tools/xtensa-esp-elf/esp-13.2.0_20250707/xtensa-esp-elf/bin/../lib/gcc/xtensa-esp-elf/13.2.0/:/opt/esp/tools/tools/xtensa-esp-elf/esp-13.2.0_20250707/xtensa-esp-elf/bin/../lib/gcc/:/opt/esp/tools/tools/xtensa-esp-elf/esp-13.2.0_20250707/xtensa-esp-elf/bin/../lib/gcc/xtensa-esp-elf/13.2.0/../../../../xtensa-esp-elf/lib/:/opt/esp/tools/tools/xtensa-esp-elf/esp-13.2.0_20250707/xtensa-esp-elf/bin/../xtensa-esp-elf/lib/:/opt/esp/tools/tools/xtensa-esp-elf/esp-13.2.0_20250707/xtensa-esp-elf/bin/../xtensa-esp-elf/usr/lib/]
  ignore line: [COLLECT_GCC_OPTIONS='-mdynconfig=xtensa_esp32.so' '-mlongcalls' '-Wno-frame-address' '-fno-builtin-memcpy' '-fno-builtin-memset' '-fno-builtin-bzero' '-fno-builtin-stpcpy' '-fno-builtin-strncpy' '-v' '-o' 'CMakeFiles/cmTC_73b12.dir/CMakeCCompilerABI.c.obj' '-c' '-dumpdir' 'CMakeFiles/cmTC_73b12.dir/CMakeCCompilerABI.c.']
  ignore line: [Linking C executable cmTC_73b12]
  ignore line: [/usr/bin/cmake -E cmake_link_script CMakeFiles/cmTC_73b12.dir/link.txt --verbose=1]
  ignore line: [/opt/esp/tools/tools/xtensa-esp-elf/esp-13.2.0_20250707/xtensa-esp-elf/bin/xtensa-esp32-elf-gcc -mlongcalls -Wno-frame-address  -fno-builtin-memcpy -fno-builtin-memset -fno-builtin-bzero -fno-builtin-stpcpy -fno-builtin-strncpy   -v CMakeFiles/cmTC_73b12.dir/CMakeCCompilerABI.c.obj -o cmTC_73b12 ]
  ignore line: [Using built-in specs.]
  ignore line: [COLLECT_GCC=/opt/esp/tools/tools/xtensa-esp-elf/esp-13.2.0_20250707/xtensa-esp-elf/bin/xtensa-esp-elf-gcc]
  ignore line: [COLLECT_LTO_WRAPPER=/opt/esp/tools/tools/xtensa-esp-elf/esp-13.2.0_20250707/xtensa-esp-elf/bin/../libexec/gcc/xtensa-esp-elf/13.2.0/lto-wrapper]
  ignore line: [Target: xtensa-esp-elf]
  ignore line: [Configured with: /builds/idf/crosstool-NG/.build/xtensa-esp-elf/src/gcc/configure --build=x86_64-build_pc-linux-gnu --host=x86_64-build_pc-linux-gnu --target=xtensa-esp-elf --prefix=/builds/idf/crosstool-NG/builds/xtensa-esp-elf --exec_prefix=/builds/idf/crosstool-NG/builds/xtensa-esp-elf --with-local-prefix=/builds/idf/crosstool-NG/builds/xtensa-esp-elf/xtensa-esp-elf --with-sysroot=/builds/idf/crosstool-NG/builds/xtensa-esp-elf/xtensa-esp-elf --with-native-system-header-dir=/include --with-newlib --enable-threads=no --disable-shared --with-pkgversion='crosstool-NG esp-13.2.0_20250707' --disable-__cxa_atexit --enable-cxx-flags='-ffunction-sections -fdata-sections' --disable-libgomp --disable-libmudflap --disable-libmpx --disable-libssp --disable-libquadmath --disable-libquadmath-support --disable-libstdcxx-verbose --with-gmp=/builds/idf/crosstool-NG/.build/xtensa-esp-elf/buildtools --with-mpfr=/builds/idf/crosstool-NG/.build/xtensa-esp-elf/buildtools --with-mpc=/builds/idf/crosstool-NG/.build/xtensa-esp-elf/buildtools --with-isl=/builds/idf/crosstool-NG/.build/xtensa-esp-elf/buildtools --enable-lto --enable-target-optspace --without-long-double-128 --disable-nls --enable-multiarch --enable-languages=c c++ --disable-libstdcxx-verbose --enable-threads=posix --enable-gcov-custom-rtio --enable-libstdcxx-time=yes]
  ignore line: [Thread model: posix]
  ignore line: [Supported LTO compression algorithms: zlib zstd]
  ignore line: [gcc version 13.2.0 (crosstool-NG esp-13.2.0_20250707) ]
  ignore line: [COMPILER_PATH=/opt/esp/tools/tools/xtensa-esp-elf/esp-13.2.0_20250707/xtensa-esp-elf/bin/../libexec/gcc/xtensa-esp-elf/13.2.0/:/opt/esp/tools/tools/xtensa-esp-elf/esp-13.2.0_20250707/xtensa-esp-elf/bin/../libexec/gcc/:/opt/esp/tools/tools/xtensa-esp-elf/esp-13.2.0_20250707/xtensa-esp-elf/bin/../lib/gcc/xtensa-esp-elf/13.2.0/../../../../xtensa-esp-elf/bin/]
  ignore line: [LIBRARY_PATH=/opt/esp/tools/tools/xtensa-esp-elf/esp-13.2.0_20250707/xtensa-esp-elf/bin/../lib/gcc/xtensa-esp-elf/13.2.0/esp32/:/opt/esp/tools/tools/xtensa-esp-elf/esp-13.2.0_20250707/xtensa-esp-elf/bin/../lib/gcc/xtensa-esp-elf/13.2.0/../../../../xtensa-esp-elf/lib/esp32/:/opt/esp/tools/tools/xtensa-esp-elf/esp-13.2.0_20250707/xtensa-esp-elf/bin/../xtensa-esp-elf/lib/esp32/:/opt/esp/tools/tools/xtensa-esp-elf/esp-13.2.0_20250707/xtensa-esp-elf/bin/../lib/gcc/xtensa-esp-elf/13.2.0/:/opt/esp/tools/tools/xtensa-esp-elf/esp-13.2.0_20250707/xtensa-esp-elf/bin/../lib/gcc/:/opt/esp/tools/tools/xtensa-esp-elf/esp-13.2.0_20250707/xtensa-esp-elf/bin/../lib/gcc/xtensa-esp-elf/13.2.0/../../../../xtensa-esp-elf/lib/:/opt/esp/tools/tools/xtensa-esp-elf/esp-13.2.0_20250707/xtensa-esp-elf/bin/../xtensa-esp-elf/lib/:/opt/esp/tools/tools/xtensa-esp-elf/esp-13.2.0_20250707/xtensa-esp-elf/bin/../xtensa-esp-elf/usr/lib/]
  ignore line: [COLLECT_GCC_OPTIONS='-mdynconfig=xtensa_esp32.so' '-mlongcalls' '-Wno-frame-address' '-fno-builtin-memcpy' '-fno-builtin-memset' '-fno-builtin-bzero' '-fno-builtin-stpcpy' '-fno-builtin-strncpy' '-v' '-o' 'cmTC_73b12' '-dumpdir' 'cmTC_73b12.']
  link line: [ /opt/esp/tools/tools/xtensa-esp-elf/esp-13.2.0_20250707/xtensa-esp-elf/bin/../libexec/gcc/xtensa-esp-elf/13.2.0/collect2 -plugin /opt/esp/tools/tools/xtensa-esp-elf/esp-13.2.0_20250707/xtensa-esp-elf/bin/../libexec/gcc/xtensa-esp-elf/13.2.0/liblto_plugin.so -plugin-opt=/opt/esp/tools/tools/xtensa-esp-elf/esp-13.2.0_20250707/xtensa-esp-elf/bin/../libexec/gcc/xtensa-esp-elf/13.2.0/lto-wrapper -plugin-opt=-fresolution=/tmp/cczGV6Sl.res -plugin-opt=-pass-through=-lgcc -plugin-opt=-pass-through=-lc -plugin-opt=-pass-through=-lnosys -plugin-opt=-pass-through=-lc -plugin-opt=-pass-through=-lgcc --sysroot=/opt/esp/tools/tools/xtensa-esp-elf/esp-13.2.0_20250707/xtensa-esp-elf/bin/../xtensa-esp-elf --dynconfig=xtensa_esp32.so -o cmTC_73b12 /opt/esp/tools/tools/xtensa-esp-elf/esp-13.2.0_20250707/xtensa-esp-elf/bin/../lib/gcc/xtensa-esp-elf/13.2.0/../../../../xtensa-esp-elf/lib/esp32/crt0.o /opt/esp/tools/tools/xtensa-esp-elf/esp-13.2.0_20250707/xtensa-esp-elf/bin/../lib/gcc/xtensa-esp-elf/13.2.0/esp32/crti.o /opt/esp/tools/tools/xtensa-esp-elf/esp-13.2.0_20250707/xtensa-esp-elf/bin/../lib/gcc/xtensa-esp-elf/13.2.0/esp32/crtbegin.o -L/opt/esp/tools/tools/xtensa-esp-elf/esp-13.2.0_20250707/xtensa-esp-elf/bin/../lib/gcc/xtensa-esp-elf/13.2.0/esp32 -L/opt/esp/tools/tools/xtensa-esp-elf/esp-13.2.0_20250707/xtensa-esp-elf/bin/../lib/gcc/xtensa-esp-elf/13.2.0/../../../../xtensa-esp-elf/lib/esp32 -L/opt/esp/tools/tools/xtensa-esp-elf/esp-13.2.0_20250707/xtensa-esp-elf/bin/../xtensa-esp-elf/lib/esp32 -L/opt/esp/tools/tools/xtensa-esp-elf/esp-13.2.0_20250707/xtensa-esp-elf/bin/../lib/gcc/xtensa-esp-elf/13.2.0 -L/opt/esp/tools/tools/xtensa-esp-elf/esp-13.2.0_20250707/xtensa-esp-elf/bin/../lib/gcc -L/opt/esp/tools/tools/xtensa-esp-elf/esp-13.2.0_20250707/xtensa-esp-elf/bin/../lib/gcc/xtensa-esp-elf/13.2.0/../../../../xtensa-esp-elf/lib -L/opt/esp/tools/tools/xtensa-esp-elf/esp-13.2.0_20250707/xtensa-esp-elf/bin/../xtensa-esp-elf/lib -L/opt/esp/tools/tools/xtensa-esp-elf/esp-13.2.0_20250707/xtensa-esp-elf/bin/../xtensa-esp-elf/usr/lib CMakeFiles/cmTC_73b12.dir/CMakeCCompilerABI.c.obj -lgcc -lc -lnosys -lc -lgcc /opt/esp/tools/tools/xtensa-esp-elf/esp-13.2.0_20250707/xtensa-esp-elf/bin/../lib/gcc/xtensa-esp-elf/13.2.0/esp32/crtend.o /opt/esp/tools/tools/xtensa-esp-elf/esp-13.2.0_20250707/xtensa-esp-elf/bin/../lib/gcc/xtensa-esp-elf/13.2.0/esp32/crtn.o]
    arg [/opt/esp/tools/tools/xtensa-esp-elf/esp-13.2.0_20250707/xtensa-esp-elf/bin/../libexec/gcc/xtensa-esp-elf/13.2.0/collect2] ==> ignore
    arg [-plugin] ==> ignore
    arg [/opt/esp/tools/tools/xtensa-esp-elf/esp-13.2.0_20250707/xtensa-esp-elf/bin/../libexec/gcc/xtensa-esp-elf/13.2.0/liblto_plugin.so] ==> ignore
    arg [-plugin-opt=/opt/esp/tools/tools/xtensa-esp-elf/esp-13.2.0_20250707/xtensa-esp-elf/bin/../libexec/gcc/xtensa-esp-elf/13.2.0/lto-wrapper] ==> ignore
    arg [-plugin-opt=-fresolution=/tmp/cczGV6Sl.res] ==> ignore
    arg [-plugin-opt=-pass-through=-lgcc] ==> ignore
    arg [-plugin-opt=-pass-through=-lc] ==> ignore
    arg [-plugin-opt=-pass-through=-lnosys] ==> ignore
    arg [-plugin-opt=-pass-through=-lc] ==> ignore
    arg [-plugin-opt=-pass-through=-lgcc] ==> ignore
    arg [--sysroot=/opt/esp/tools/tools/xtensa-esp-elf/esp-13.2.0_20250707/xtensa-esp-elf/bin/../xtensa-esp-elf] ==> ignore
    arg [--dynconfig=xtensa_esp32.so] ==> ignore
    arg [-o] ==> ignore
    arg [cmTC_73b12] ==> ignore
    arg [/opt/esp/tools/tools/xtensa-esp-elf/esp-13.2.0_20250707/xtensa-esp-elf/bin/../lib/gcc/xtensa-esp-elf/13.2.0/../../../../xtensa-esp-elf/lib/esp32/crt0.o] ==> obj [/opt/esp/tools/tools/xtensa-esp-elf/esp-13.2.0_20250707/xtensa-esp-elf/bin/../lib/gcc/xtensa-esp-elf/13.2.0/../../../../xtensa-esp-elf/lib/esp32/crt0.o]
    arg [/opt/esp/tools/tools/xtensa-esp-elf/esp-13.2.0_20250707/xtensa-esp-elf/bin/../lib/gcc/xtensa-esp-elf/13.2.0/esp32/crti.o] ==> obj [/opt/esp/tools/tools/xtensa-esp-elf/esp-13.2.0_20250707/xtensa-esp-elf/bin/../lib/gcc/xtensa-esp-elf/13.2.0/esp32/crti.o]
    arg [/opt/esp/tools/tools/xtensa-esp-elf/esp-13.2.0_20250707/xtensa-esp-elf/bin/../lib/gcc/xtensa-esp-elf/13.2.0/esp32/crtbegin.o] ==> obj [/opt/esp/tools/tools/xtensa-esp-elf/esp-13.2.0_20250707/xtensa-esp-elf/bin/../lib/gcc/xtensa-esp-elf/13.2.0/esp32/crtbegin.o]
    arg [-L/opt/esp/tools/tools/xtensa-esp-elf/esp-13.2.0_20250707/xtensa-esp-elf/bin/../lib/gcc/xtensa-esp-elf/13.2.0/esp32] ==> dir [/opt/esp/tools/tools/xtensa-esp-elf/esp-13.2.0_20250707/xtensa-esp-elf/bin/../lib/gcc/xtensa-esp-elf/13.2.0/esp32]
    arg [-L/opt/esp/tools/tools/xtensa-esp-elf/esp-13.2.0_20250707/xtensa-esp-elf/bin/../lib/gcc/xtensa-esp-elf/13.2.0/../../../../xtensa-esp-elf/lib/esp32] ==> dir [/opt/esp/tools/tools/xtensa-esp-elf/esp-13.2.0_20250707/xtensa-esp-elf/bin/../lib/gcc/xtensa-esp-elf/13.2.0/../../../../xtensa-esp-elf/lib/esp32]
    arg [-L/opt/esp/tools/tools/xtensa-esp-elf/esp-13.2.0_20250707/xtensa-esp-elf/bin/../xtensa-esp-elf/lib/esp32] ==> dir [/opt/esp/tools/tools/xtensa-esp-elf/esp-13.2.0_20250707/xtensa-esp-elf/bin/../xtensa-esp-elf/lib/esp32]
    arg [-L/opt/esp/tools/tools/xtensa-esp-elf/esp-13.2.0_20250707/xtensa-esp-elf/bin/../lib/gcc/xtensa-esp-elf/13.2.0] ==> dir [/opt/esp/tools/tools/xtensa-esp-elf/esp-13.2.0_20250707/xtensa-esp-elf/bin/../lib/gcc/xtensa-esp-elf/13.2.0]
    arg [-L/opt/esp/tools/tools/xtensa-esp-elf/esp-13.2.0_20250707/xtensa-esp-elf/bin/../lib/gcc] ==> dir [/opt/esp/tools/tools/xtensa-esp-elf/esp-13.2.0_20250707/xtensa-esp-elf/bin/../lib/gcc]
    arg [-L/opt/esp/tools/tools/xtensa-esp-elf/esp-13.2.0_20250707/xtensa-esp-elf/bin/../lib/gcc/xtensa-esp-elf/13.2.0/../../../../xtensa-esp-elf/lib] ==> dir [/opt/esp/tools/tools/xtensa-esp-elf/esp-13.2.0_20250707/xtensa-esp-elf/bin/../lib/gcc/xtensa-esp-elf/13.2.0/../../../../xtensa-esp-elf/lib]
    arg [-L/opt/esp/tools/tools/xtensa-esp-elf/esp-13.2.0_20250707/xtensa-esp-elf/bin/../xtensa-esp-elf/lib] ==> dir [/opt/esp/tools/tools/xtensa-esp-elf/esp-13.2.0_20250707/xtensa-esp-elf/bin/../xtensa-esp-elf/lib]
    arg [-L/opt/esp/tools/tools/xtensa-esp-elf/esp-13.2.0_20250707/xtensa-esp-elf/bin/../xtensa-esp-elf/usr/lib] ==> dir [/opt/esp/tools/tools/xtensa-esp-elf/esp-13.2.0_20250707/xtensa-esp-elf/bin/../xtensa-esp-elf/usr/lib]
    arg [CMakeFiles/cmTC_73b12.dir/CMakeCCompilerABI.c.obj] ==> ignore
    arg [-lgcc] ==> lib [gcc]
    arg [-lc] ==> lib [c]
    arg [-lnosys] ==> lib [nosys]
    arg [-lc] ==> lib [c]
    arg [-lgcc] ==> lib [gcc]
    arg [/opt/esp/tools/tools/xtensa-esp-elf/esp-13.2.0_20250707/xtensa-esp-elf/bin/../lib/gcc/xtensa-esp-elf/13.2.0/esp32/crtend.o] ==> obj [/opt/esp/tools/tools/xtensa-esp-elf/esp-13.2.0_20250707/xtensa-esp-elf/bin/../lib/gcc/xtensa-esp-elf/13.2.0/esp32/crtend.o]
    arg [/opt/esp/tools/tools/xtensa-esp-elf/esp-13.2.0_20250707/xtensa-esp-elf/bin/../lib/gcc/xtensa-esp-elf/13.2.0/esp32/crtn.o] ==> obj [/opt/esp/tools/tools/xtensa-esp-elf/esp-13.2.0_20250707/xtensa-esp-elf/bin/../lib/gcc/xtensa-esp-elf/13.2.0/esp32/crtn.o]
  collapse obj [/opt/esp/tools/tools/xtensa-esp-elf/esp-13.2.0_20250707/xtensa-esp-elf/bin/../lib/gcc/xtensa-esp-elf/13.2.0/../../../../xtensa-esp-elf/lib/esp32/crt0.o] ==> [/opt/esp/tools/tools/xtensa-esp-elf/esp-13.2.0_20250707/xtensa-esp-elf/xtensa-esp-elf/lib/esp32/crt0.o]
  collapse obj [/opt/esp/tools/tools/xtensa-esp-elf/esp-13.2.0_20250707/xtensa-esp-elf/bin/../lib/gcc/xtensa-esp-elf/13.2.0/esp32/crti.o] ==> [/opt/esp/tools/tools/xtensa-esp-elf/esp-13.2.0_20250707/xtensa-esp-elf/lib/gcc/xtensa-esp-elf/13.2.0/esp32/crti.o]
  collapse obj [/opt/esp/tools/tools/xtensa-esp-elf/esp-13.2.0_20250707/xtensa-esp-elf/bin/../lib/gcc/xtensa-esp-elf/13.2.0/esp32/crtbegin.o] ==> [/opt/esp/tools/tools/xtensa-esp-elf/esp-13.2.0_20250707/xtensa-esp-elf/lib/gcc/xtensa-esp-elf/13.2.0/esp32/crtbegin.o]
  collapse obj [/opt/esp/tools/tools/xtensa-esp-elf/esp-13.2.0_20250707/xtensa-esp-elf/bin/../lib/gcc/xtensa-esp-elf/13.2.0/esp32/crtend.o] ==> [/opt/esp/tools/tools/xtensa-esp-elf/esp-13.2.0_20250707/xtensa-esp-elf/lib/gcc/xtensa-esp-elf/13.2.0/esp32/crtend.o]
  collapse obj [/opt/esp/tools/tools/xtensa-esp-elf/esp-13.2.0_20250707/xtensa-esp-elf/bin/../lib/gcc/xtensa-esp-elf/13.2.0/esp32/crtn.o] ==> [/opt/esp/tools/tools/xtensa-esp-elf/esp-13.2.0_20250707/xtensa-esp-elf/lib/gcc/xtensa-esp-elf/13.2.0/esp32/crtn.o]
  collapse library dir [/opt/esp/tools/tools/xtensa-esp-elf/esp-13.2.0_20250707/xtensa-esp-elf/bin/../lib/gcc/xtensa-esp-elf/13.2.0/esp32] ==> [/opt/esp/tools/tools/xtensa-esp-elf/esp-13.2.0_20250707/xtensa-esp-elf/lib/gcc/xtensa-esp-elf/13.2.0/esp32]
  collapse library dir [/opt/esp/tools/tools/xtensa-esp-elf/esp-13.2.0_20250707/xtensa-esp-elf/bin/../lib/gcc/xtensa-esp-elf/13.2.0/../../../../xtensa-esp-elf/lib/esp32] ==> [/opt/esp/tools/tools/xtensa-esp-elf/esp-13.2.0_20250707/xtensa-esp-elf/xtensa-esp-elf/lib/esp32]
  collapse library dir [/opt/esp/tools/tools/xtensa-esp-elf/esp-13.2.0_20250707/xtensa-esp-elf/bin/../xtensa-esp-elf/lib/esp32] ==> [/opt/esp/tools/tools/xtensa-esp-elf/esp-13.2.0_20250707/xtensa-esp-elf/xtensa-esp-elf/lib/esp32]
  collapse library dir [/opt/esp/tools/tools/xtensa-esp-elf/esp-13.2.0_20250707/xtensa-esp-elf/bin/../lib/gcc/xtensa-esp-elf/13.2.0] ==> [/opt/esp/tools/tools/xtensa-esp-elf/esp-13.2.0_20250707/xtensa-esp-elf/lib/gcc/xtensa-esp-elf/13.2.0]
  collapse library dir [/opt/esp/tools/tools/xtensa-esp-elf/esp-13.2.0_20250707/xtensa-esp-elf/bin/../lib/gcc] ==> [/opt/esp/tools/tools/xtensa-esp-elf/esp-13.2.0_20250707/xtensa-esp-elf/lib/gcc]
  collapse library dir [/opt/esp/tools/tools/xtensa-esp-elf/esp-13.2.0_20250707/xtensa-esp-elf/bin/../lib/gcc/xtensa-esp-elf/13.2.0/../../../../xtensa-esp-elf/lib] ==> [/opt/esp/tools/tools/xtensa-esp-elf/esp-13.2.0_20250707/xtensa-esp-elf/xtensa-esp-elf/lib]
  collapse library dir [/opt/esp/tools/tools/xtensa-esp-elf/esp-13.2.0_20250707/xtensa-esp-elf/bin/../xtensa-esp-elf/lib] ==> [/opt/esp/tools/tools/xtensa-esp-elf/esp-13.2.0_20250707/xtensa-esp-elf/xtensa-esp-elf/lib]
  collapse library dir [/opt/esp/tools/tools/xtensa-esp-elf/esp-13.2.0_20250707/xtensa-esp-elf/bin/../xtensa-esp-elf/usr/lib] ==> [/opt/esp/tools/tools/xtensa-esp-elf/esp-13.2.0_20250707/xtensa-esp-elf/xtensa-esp-elf/usr/lib]
  implicit libs: [gcc;c;nosys;c;gcc]
  implicit objs: [/opt/esp/tools/tools/xtensa-esp-elf/esp-13.2.0_20250707/xtensa-esp-elf/xtensa-esp-elf/lib/esp32/crt0.o;/opt/esp/tools/tools/xtensa-esp-elf/esp-13.2.0_20250707/xtensa-esp-elf/lib/gcc/xtensa-esp-elf/13.2.0/esp32/crti.o;/opt/esp/tools/tools/xtensa-esp-elf/esp-13.2.0_20250707/xtensa-esp-elf/lib/gcc/xtensa-esp-elf/13.2.0/esp32/crtbegin.o;/opt/esp/tools/tools/xtensa-esp-elf/esp-13.2.0_20250707/xtensa-esp-elf/lib/gcc/xtensa-esp-elf/13.2.0/esp32/crtend.o;/opt/esp/tools/tools/xtensa-esp-elf/esp-13.2.0_20250707/xtensa-esp-elf/lib/gcc/xtensa-esp-elf/13.2.0/esp32/crtn.o]
  implicit dirs: [/opt/esp/tools/tools/xtensa-esp-elf/esp-13.2.0_20250707/xtensa-esp-elf/lib/gcc/xtensa-esp-elf/13.2.0/esp32;/opt/esp/tools/tools/xtensa-esp-elf/esp-13.2.0_20250707/xtensa-esp-elf/xtensa-esp-elf/lib/esp32;/opt/esp/tools/tools/xtensa-esp-elf/esp-13.2.0_20250707/xtensa-esp-elf/lib/gcc/xtensa-esp-elf/13.2.0;/opt/esp/tools/tools/xtensa-esp-elf/esp-13.2.0_20250707/xtensa-esp-elf/lib/gcc;/opt/esp/tools/tools/xtensa-esp-elf/esp-13.2.0_20250707/xtensa-esp-elf/xtensa-esp-elf/lib;/opt/esp/tools/tools/xtensa-esp-elf/esp-13.2.0_20250707/xtensa-esp-elf/xtensa-esp-elf/usr/lib]
  implicit fwks: []


Detecting CXX compiler ABI info compiled with the following output:
Change Dir: /workspace/vehicle_tracker/build/CMakeFiles/CMakeTmp

Run Build Command(s):/usr/bin/gmake -f Makefile cmTC_37adb/fast && /usr/bin/gmake  -f CMakeFiles/cmTC_37adb.dir/build.make CMakeFiles/cmTC_37adb.dir/build
gmake[1]: Entering directory '/workspace/vehicle_tracker/build/CMakeFiles/CMakeTmp'
Building CXX object CMakeFiles/cmTC_37adb.dir/CMakeCXXCompilerABI.cpp.obj
/opt/esp/tools/tools/xtensa-esp-elf/esp-13.2.0_20250707/xtensa-esp-elf/bin/xtensa-esp32-elf-g++   -mlongcalls -Wno-frame-address  -fno-builtin-memcpy -fno-builtin-memset -fno-builtin-bzero -fno-builtin-stpcpy -fno-builtin-strncpy    -v -o CMakeFiles/cmTC_37adb.dir/CMakeCXXCompilerABI.cpp.obj -c /usr/share/cmake-3.22/Modules/CMakeCXXCompilerABI.cpp
Using built-in specs.
COLLECT_GCC=/opt/esp/tools/tools/xtensa-esp-elf/esp-13.2.0_20250707/xtensa-esp-elf/bin/xtensa-esp-elf-g++
Target: xtensa-esp-elf
Configured with: /builds/idf/crosstool-NG/.build/xtensa-esp-elf/src/gcc/configure --build=x86_64-build_pc-linux-gnu --host=x86_64-build_pc-linux-gnu --target=xtensa-esp-elf --prefix=/builds/idf/crosstool-NG/builds/xtensa-esp-elf --exec_prefix=/builds/idf/crosstool-NG/builds/xtensa-esp-elf --with-local-prefix=/builds/idf/crosstool-NG/builds/xtensa-esp-elf/xtensa-esp-elf --with-sysroot=/builds/idf/crosstool-NG/builds/xtensa-esp-elf/xtensa-esp-elf --with-native-system-header-dir=/include --with-newlib --enable-threads=no --disable-shared --with-pkgversion='crosstool-NG esp-13.2.0_20250707' --disable-__cxa_atexit --enable-cxx-flags='-ffunction-sections -fdata-sections' --disable-libgomp --disable-libmudflap --disable-libmpx --disable-libssp --disable-libquadmath --disable-libquadmath-support --disable-libstdcxx-verbose --with-gmp=/builds/idf/crosstool-NG/.build/xtensa-esp-elf/buildtools --with-mpfr=/builds/idf/crosstool-NG/.build/xtensa-esp-elf/buildtools --with-mpc=/builds/idf/crosstool-NG/.build/xtensa-esp-elf/buildtools --with-isl=/builds/idf/crosstool-NG/.build/xtensa-esp-elf/buildtools --enable-lto --enable-target-optspace --without-long-double-128 --disable-nls --enable-multiarch --enable-languages=c,c++ --disable-libstdcxx-verbose --enable-threads=posix --enable-gcov-custom-rtio --enable-libstdcxx-time=yes
Thread model: posix
Supported LTO compression algorithms: zlib zstd
gcc version 13.2.0 (crosstool-NG esp-13.2.0_20250707) 
COLLECT_GCC_OPTIONS='-mdynconfig=xtensa_esp32.so' '-mlongcalls' '-Wno-frame-address' '-fno-builtin-memcpy' '-fno-builtin-memset' '-fno-builtin-bzero' '-fno-builtin-stpcpy' '-fno-builtin-strncpy' '-v' '-o' 'CMakeFiles/cmTC_37adb.dir/CMakeCXXCompilerABI.cpp.obj' '-c' '-dumpdir' 'CMakeFiles/cmTC_37adb.dir/'
 /opt/esp/tools/tools/xtensa-esp-elf/esp-13.2.0_20250707/xtensa-esp-elf/bin/../libexec/gcc/xtensa-esp-elf/13.2.0/cc1plus -quiet -v -imultilib esp32 -iprefix /opt/esp/tools/tools/xtensa-esp-elf/esp-13.2.0_20250707/xtensa-esp-elf/bin/../lib/gcc/xtensa-esp-elf/13.2.0/ -isysroot /opt/esp/tools/tools/xtensa-esp-elf/esp-13.2.0_20250707/xtensa-esp-elf/bin/../xtensa-esp-elf /usr/share/cmake-3.22/Modules/CMakeCXXCompilerABI.cpp -quiet -dumpdir CMakeFiles/cmTC_37adb.dir/ -dumpbase CMakeCXXCompilerABI.cpp.cpp -dumpbase-ext .cpp -mdynconfig=xtensa_esp32.so -mlongcalls -Wno-frame-address -version -fno-builtin-memcpy -fno-builtin-memset -fno-builtin-bzero -fno-builtin-stpcpy -fno-builtin-strncpy -o /tmp/ccVukWwu.s
GNU C++17 (crosstool-NG esp-13.2.0_20250707) version 13.2.0 (xtensa-esp-elf)
	compiled by GNU C version 4.9.2, GMP version 6.2.1, MPFR version 4.2.1, MPC version 1.2.1, isl version isl-0.26-GMP

GGC heuristics: --param ggc-min-expand=100 --param ggc-min-heapsize=131072
ignoring duplicate directory "/opt/esp/tools/tools/xtensa-esp-elf/esp-13.2.0_20250707/xtensa-esp-elf/bin/../lib/gcc/../../lib/gcc/xtensa-esp-elf/13.2.0/../../../../xtensa-esp-elf/include/c++/13.2.0"
ignoring duplicate directory "/opt/esp/tools/tools/xtensa-esp-elf/esp-13.2.0_20250707/xtensa-esp-elf/bin/../lib/gcc/../../lib/gcc/xtensa-esp-elf/13.2.0/../../../../xtensa-esp-elf/include/c++/13.2.0/xtensa-esp-elf/esp32"
ignoring duplicate directory "/opt/esp/tools/tools/xtensa-esp-elf/esp-13.2.0_20250707/xtensa-esp-elf/bin/../lib/gcc/../../lib/gcc/xtensa-esp-elf/13.2.0/../../../../xtensa-esp-elf/include/c++/13.2.0/backward"
ignoring duplicate directory "/opt/esp/tools/tools/xtensa-esp-elf/esp-13.2.0_20250707/xtensa-esp-elf/bin/../lib/gcc/../../lib/gcc/xtensa-esp-elf/13.2.0/include"
ignoring nonexistent directory "/opt/esp/tools/tools/xtensa-esp-elf/esp-13.2.0_20250707/xtensa-esp-elf/bin/../xtensa-esp-elf/builds/idf/crosstool-NG/builds/xtensa-esp-elf/xtensa-esp-elf/include"
ignoring duplicate directory "/opt/esp/tools/tools/xtensa-esp-elf/esp-13.2.0_20250707/xtensa-esp-elf/bin/../lib/gcc/../../lib/gcc/xtensa-esp-elf/13.2.0/include-fixed"
ignoring duplicate directory "/opt/esp/tools/tools/xtensa-esp-elf/esp-13.2.0_20250707/xtensa-esp-elf/bin/../lib/gcc/../../lib/gcc/xtensa-esp-elf/13.2.0/../../../../xtensa-esp-elf/include"
ignoring duplicate directory "/opt/esp/tools/tools/xtensa-esp-elf/esp-13.2.0_20250707/xtensa-esp-elf/bin/../xtensa-esp-elf/include"
#include "..." search starts here:
#include <...> search starts here:
 /opt/esp/tools/tools/xtensa-esp-elf/esp-13.2.0_20250707/xtensa-esp-elf/bin/../lib/gcc/xtensa-esp-elf/13.2.0/../../../../xtensa-esp-elf/include/c++/13.2.0
 /opt/esp/tools/tools/xtensa-esp-elf/esp-13.2.0_20250707/xtensa-esp-elf/bin/../lib/gcc/xtensa-esp-elf/13.2.0/../../../../xtensa-esp-elf/include/c++/13.2.0/xtensa-esp-elf/esp32
 /opt/esp/tools/tools/xtensa-esp-elf/esp-13.2.0_20250707/xtensa-esp-elf/bin/../lib/gcc/xtensa-esp-elf/13.2.0/../../../../xtensa-esp-elf/include/c++/13.2.0/backward
 /opt/esp/tools/tools/xtensa-esp-elf/esp-13.2.0_20250707/xtensa-esp-elf/bin/../lib/gcc/xtensa-esp-elf/13.2.0/include
 /opt/esp/tools/tools/xtensa-esp-elf/esp-13.2.0_20250707/xtensa-esp-elf/bin/../lib/gcc/xtensa-esp-elf/13.2.0/include-fixed
 /opt/esp/tools/tools/xtensa-esp-elf/esp-13.2.0_20250707/xtensa-esp-elf/bin/../lib/gcc/xtensa-esp-elf/13.2.0/../../../../xtensa-esp-elf/include
End of search list.
Compiler executable checksum: 6be9d76bd920418c6cdadbfbbb13a8b7
COLLECT_GCC_OPTIONS='-mdynconfig=xtensa_esp32.so' '-mlongcalls' '-Wno-frame-address' '-fno-builtin-memcpy' '-fno-builtin-memset' '-fno-builtin-bzero' '-fno-builtin-stpcpy' '-fno-builtin-strncpy' '-v' '-o' 'CMakeFiles/cmTC_37adb.dir/CMakeCXXCompilerABI.cpp.obj' '-c' '-dumpdir' 'CMakeFiles/cmTC_37adb.dir/'
 /opt/esp/tools/tools/xtensa-esp-elf/esp-13.2.0_20250707/xtensa-esp-elf/bin/../lib/gcc/xtensa-esp-elf/13.2.0/../../../../xtensa-esp-elf/bin/as --traditional-format --longcalls --dynconfig=xtensa_esp32.so -o CMakeFiles/cmTC_37adb.dir/CMakeCXXCompilerABI.cpp.obj /tmp/ccVukWwu.s
COMPILER_PATH=/opt/esp/tools/tools/xtensa-esp-elf/esp-13.2.0_20250707/xtensa-esp-elf/bin/../libexec/gcc/xtensa-esp-elf/13.2.0/:/opt/esp/tools/tools/xtensa-esp-elf/esp-13.2.0_20250707/xtensa-esp-elf/bin/../libexec/gcc/:/opt/esp/tools/tools/xtensa-esp-elf/esp-13.2.0_20250707/xtensa-esp-elf/bin/../lib/gcc/xtensa-esp-elf/13.2.0/../../../../xtensa-esp-elf/bin/
LIBRARY_PATH=/opt/esp/tools/tools/xtensa-esp-elf/esp-13.2.0_20250707/xtensa-esp-elf/bin/../lib/gcc/xtensa-esp-elf/13.2.0/esp32/:/opt/esp/tools/tools/xtensa-esp-elf/esp-13.2.0_20250707/xtensa-esp-elf/bin/../lib/gcc/xtensa-esp-elf/13.2.0/../../../../xtensa-esp-elf/lib/esp32/:/opt/esp/tools/tools/xtensa-esp-elf/esp-13.2.0_20250707/xtensa-esp-elf/bin/../xtensa-esp-elf/lib/esp32/:/opt/esp/tools/tools/xtensa-esp-elf/esp-13.2.0_20250707/xtensa-esp-elf/bin/../lib/gcc/xtensa-esp-elf/13.2.0/:/opt/esp/tools/tools/xtensa-esp-elf/esp-13.2.0_20250707/xtensa-esp-elf/bin/../lib/gcc/:/opt/esp/tools/tools/xtensa-esp-elf/esp-13.2.0_20250707/xtensa-esp-elf/bin/../lib/gcc/xtensa-esp-elf/13.2.0/../../../../xtensa-esp-elf/lib/:/opt/esp/tools/tools/xtensa-esp-elf/esp-13.2.0_20250707/xtensa-esp-elf/bin/../xtensa-esp-elf/lib/:/opt/esp/tools/tools/xtensa-esp-elf/esp-13.2.0_20250707/xtensa-esp-elf/bin/../xtensa-esp-elf/usr/lib/
COLLECT_GCC_OPTIONS='-mdynconfig=xtensa_esp32.so' '-mlongcalls' '-Wno-frame-address' '-fno-builtin-memcpy' '-fno-builtin-memset' '-fno-builtin-bzero' '-fno-builtin-stpcpy' '-fno-builtin-strncpy' '-v' '-o' 'CMakeFiles/cmTC_37adb.dir/CMakeCXXCompilerABI.cpp.obj' '-c' '-dumpdir' 'CMakeFiles/cmTC_37adb.dir/CMakeCXXCompilerABI.cpp.'
Linking CXX executable cmTC_37adb
/usr/bin/cmake -E cmake_link_script CMakeFiles/cmTC_37adb.dir/link.txt --verbose=1
/opt/esp/tools/tools/xtensa-esp-elf/esp-13.2.0_20250707/xtensa-esp-elf/bin/xtensa-esp32-elf-g++ -mlongcalls -Wno-frame-address  -fno-builtin-memcpy -fno-builtin-memset -fno-builtin-bzero -fno-builtin-stpcpy -fno-builtin-strncpy   -v CMakeFiles/cmTC_37adb.dir/CMakeCXXCompilerABI.cpp.obj -o cmTC_37adb 
Using built-in specs.
COLLECT_GCC=/opt/esp/tools/tools/xtensa-esp-elf/esp-13.2.0_20250707/xtensa-esp-elf/bin/xtensa-esp-elf-g++
COLLECT_LTO_WRAPPER=/opt/esp/tools/tools/xtensa-esp-elf/esp-13.2.0_20250707/xtensa-esp-elf/bin/../libexec/gcc/xtensa-esp-elf/13.2.0/lto-wrapper
Target: xtensa-esp-elf
Configured with: /builds/idf/crosstool-NG/.build/xtensa-esp-elf/src/gcc/configure --build=x86_64-build_pc-linux-gnu --host=x86_64-build_pc-linux-gnu --target=xtensa-esp-elf --prefix=/builds/idf/crosstool-NG/builds/xtensa-esp-elf --exec_prefix=/builds/idf/crosstool-NG/builds/xtensa-esp-elf --with-local-prefix=/builds/idf/crosstool-NG/builds/xtensa-esp-elf/xtensa-esp-elf --with-sysroot=/builds/idf/crosstool-NG/builds/xtensa-esp-elf/xtensa-esp-elf --with-native-system-header-dir=/include --with-newlib --enable-threads=no --disable-shared --with-pkgversion='crosstool-NG esp-13.2.0_20250707' --disable-__cxa_atexit --enable-cxx-flags='-ffunction-sections -fdata-sections' --disable-libgomp --disable-libmudflap --disable-libmpx --disable-libssp --disable-libquadmath --disable-libquadmath-support --disable-libstdcxx-verbose --with-gmp=/builds/idf/crosstool-NG/.build/xtensa-esp-elf/buildtools --with-mpfr=/builds/idf/crosstool-NG/.build/xtensa-esp-elf/buildtools --with-mpc=/builds/idf/crosstool-NG/.build/xtensa-esp-elf/buildtools --with-isl=/builds/idf/crosstool-NG/.build/xtensa-esp-elf/buildtools --enable-lto --enable-target-optspace --without-long-double-128 --disable-nls --enable-multiarch --enable-languages=c,c++ --disable-libstdcxx-verbose --enable-threads=posix --enable-gcov-custom-rtio --enable-libstdcxx-time=yes
Thread model: posix
Supported LTO compression algorithms: zlib zstd
gcc version 13.2.0 (crosstool-NG esp-13.2.0_20250707) 
COMPILER_PATH=/opt/esp/tools/tools/xtensa-esp-elf/esp-13.2.0_20250707/xtensa-esp-elf/bin/../libexec/gcc/xtensa-esp-elf/13.2.0/:/opt/esp/tools/tools/xtensa-esp-elf/esp-13.2.0_20250707/xtensa-esp-elf/bin/../libexec/gcc/:/opt/esp/tools/tools/xtensa-esp-elf/esp-13.2.0_20250707/xtensa-esp-elf/bin/../lib/gcc/xtensa-esp-elf/13.2.0/../../../../xtensa-esp-elf/bin/
LIBRARY_PATH=/opt/esp/tools/tools/xtensa-esp-elf/esp-13.2.0_20250707/xtensa-esp-elf/bin/../lib/gcc/xtensa-esp-elf/13.2.0/esp32/:/opt/esp/tools/tools/xtensa-esp-elf/esp-13.2.0_20250707/xtensa-esp-elf/bin/../lib/gcc/xtensa-esp-elf/13.2.0/../../../../xtensa-esp-elf/lib/esp32/:/opt/esp/tools/tools/xtensa-esp-elf/esp-13.2.0_20250707/xtensa-esp-elf/bin/../xtensa-esp-elf/lib/esp32/:/opt/esp/tools/tools/xtensa-esp-elf/esp-13.2.0_20250707/xtensa-esp-elf/bin/../lib/gcc/xtensa-esp-elf/13.2.0/:/opt/esp/tools/tools/xtensa-esp-elf/esp-13.2.0_20250707/xtensa-esp-elf/bin/../lib/gcc/:/opt/esp/tools/tools/xtensa-esp-elf/esp-13.2.0_20250707/xtensa-esp-elf/bin/../lib/gcc/xtensa-esp-elf/13.2.0/../../../../xtensa-esp-elf/lib/:/opt/esp/tools/tools/xtensa-esp-elf/esp-13.2.0_20250707/xtensa-esp-elf/bin/../xtensa-esp-elf/lib/:/opt/esp/tools/tools/xtensa-esp-elf/esp-13.2.0_20250707/xtensa-esp-elf/bin/../xtensa-esp-elf/usr/lib/
COLLECT_GCC_OPTIONS='-mdynconfig=xtensa_esp32.so' '-mlongcalls' '-Wno-frame-address' '-fno-builtin-memcpy' '-fno-builtin-memset' '-fno-builtin-bzero' '-fno-builtin-stpcpy' '-fno-builtin-strncpy' '-v' '-o' 'cmTC_37adb' '-dumpdir' 'cmTC_37adb.'
 /opt/esp/tools/tools/xtensa-esp-elf/esp-13.2.0_20250707/xtensa-esp-elf/bin/../libexec/gcc/xtensa-esp-elf/13.2.0/collect2 -plugin /opt/esp/tools/tools/xtensa-esp-elf/esp-13.2.0_20250707/xtensa-esp-elf/bin/../libexec/gcc/xtensa-esp-elf/13.2.0/liblto_plugin.so -plugin-opt=/opt/esp/tools/tools/xtensa-esp-elf/esp-13.2.0_20250707/xtensa-esp-elf/bin/../libexec/gcc/xtensa-esp-elf/13.2.0/lto-wrapper -plugin-opt=-fresolution=/tmp/ccFyZxDh.res -plugin-opt=-pass-through=-lgcc -plugin-opt=-pass-through=-lc -plugin-opt=-pass-through=-lnosys -plugin-opt=-pass-through=-lc -plugin-opt=-pass-through=-lgcc --sysroot=/opt/esp/tools/tools/xtensa-esp-elf/esp-13.2.0_20250707/xtensa-esp-elf/bin/../xtensa-esp-elf --dynconfig=xtensa_esp32.so -o cmTC_37adb /opt/esp/tools/tools/xtensa-esp-elf/esp-13.2.0_20250707/xtensa-esp-elf/bin/../lib/gcc/xtensa-esp-elf/13.2.0/../../../../xtensa-esp-elf/lib/esp32/crt0.o /opt/esp/tools/tools/xtensa-esp-elf/esp-13.2.0_20250707/xtensa-esp-elf/bin/../lib/gcc/xtensa-esp-elf/13.2.0/esp32/crti.o /opt/esp/tools/tools/xtensa-esp-elf/esp-13.2.0_20250707/xtensa-esp-elf/bin/../lib/gcc/xtensa-esp-elf/13.2.0/esp32/crtbegin.o -L/opt/esp/tools/tools/xtensa-esp-elf/esp-13.2.0_20250707/xtensa-esp-elf/bin/../lib/gcc/xtensa-esp-elf/13.2.0/esp32 -L/opt/esp/tools/tools/xtensa-esp-elf/esp-13.2.0_20250707/xtensa-esp-elf/bin/../lib/gcc/xtensa-esp-elf/13.2.0/../../../../xtensa-esp-elf/lib/esp32 -L/opt/esp/tools/tools/xtensa-esp-elf/esp-13.2.0_20250707/xtensa-esp-elf/bin/../xtensa-esp-elf/lib/esp32 -L/opt/esp/tools/tools/xtensa-esp-elf/esp-13.2.0_20250707/xtensa-esp-elf/bin/../lib/gcc/xtensa-esp-elf/13.2.0 -L/opt/esp/tools/tools/xtensa-esp-elf/esp-13.2.0_20250707/xtensa-esp-elf/bin/../lib/gcc -L/opt/esp/tools/tools/xtensa-esp-elf/esp-13.2.0_20250707/xtensa-esp-elf/bin/../lib/gcc/xtensa-esp-elf/13.2.0/../../../../xtensa-esp-elf/lib -L/opt/esp/tools/tools/xtensa-esp-elf/esp-13.2.0_20250707/xtensa-esp-elf/bin/../xtensa-esp-elf/lib -L/opt/esp/tools/tools/xtensa-esp-elf/esp-13.2.0_20250707/xtensa-esp-elf/bin/../xtensa-esp-elf/usr/lib CMakeFiles/cmTC_37adb.dir/CMakeCXXCompilerABI.cpp.obj -lstdc++ -lm -lgcc -lc -lnosys -lc -lgcc /opt/esp/tools/tools/xtensa-esp-elf/esp-13.2.0_20250707/xtensa-esp-elf/bin/../lib/gcc/xtensa-esp-elf/13.2.0/esp32/crtend.o /opt/esp/tools/tools/xtensa-esp-elf/esp-13.2.0_20250707/xtensa-esp-elf/bin/../lib/gcc/xtensa-esp-elf/13.2.0/esp32/crtn.o
COLLECT_GCC_OPTIONS='-mdynconfig=xtensa_esp32.so' '-mlongcalls' '-Wno-frame-address' '-fno-builtin-memcpy' '-fno-builtin-memset' '-fno-builtin-bzero' '-fno-builtin-stpcpy' '-fno-builtin-strncpy' '-v' '-o' 'cmTC_37adb' '-dumpdir' 'cmTC_37adb.'
gmake[1]: Leaving directory '/workspace/vehicle_tracker/build/CMakeFiles/CMakeTmp'



Parsed CXX implicit include dir info from above output: rv=done
  found start of include info
  found start of implicit include info
    add: [/opt/esp/tools/tools/xtensa-esp-elf/esp-13.2.0_20250707/xtensa-esp-elf/bin/../lib/gcc/xtensa-esp-elf/13.2.0/../../../../xtensa-esp-elf/include/c++/13.2.0]
    add: [/opt/esp/tools/tools/xtensa-esp-elf/esp-13.2.0_20250707/xtensa-esp-elf/bin/../lib/gcc/xtensa-esp-elf/13.2.0/../../../../xtensa-esp-elf/include/c++/13.2.0/xtensa-esp-elf/esp32]
    add: [/opt/esp/tools/tools/xtensa-esp-elf/esp-13.2.0_20250707/xtensa-esp-elf/bin/../lib/gcc/xtensa-esp-elf/13.2.0/../../../../xtensa-esp-elf/include/c++/13.2.0/backward]
    add: [/opt/esp/tools/tools/xtensa-esp-elf/esp-13.2.0_20250707/xtensa-esp-elf/bin/../lib/gcc/xtensa-esp-elf/13.2.0/include]
    add: [/opt/esp/tools/tools/xtensa-esp-elf/esp-13.2.0_20250707/xtensa-esp-elf/bin/../lib/gcc/xtensa-esp-elf/13.2.0/include-fixed]
    add: [/opt/esp/tools/tools/xtensa-esp-elf/esp-13.2.0_20250707/xtensa-esp-elf/bin/../lib/gcc/xtensa-esp-elf/13.2.0/../../../../xtensa-esp-elf/include]
  end of search list found
  collapse include dir [/opt/esp/tools/tools/xtensa-esp-elf/esp-13.2.0_20250707/xtensa-esp-elf/bin/../lib/gcc/xtensa-esp-elf/13.2.0/../../../../xtensa-esp-elf/include/c++/13.2.0] ==> [/opt/esp/tools/tools/xtensa-esp-elf/esp-13.2.0_20250707/xtensa-esp-elf/xtensa-esp-elf/include/c++/13.2.0]
  collapse include dir [/opt/esp/tools/tools/xtensa-esp-elf/esp-13.2.0_20250707/xtensa-esp-elf/bin/../lib/gcc/xtensa-esp-elf/13.2.0/../../../../xtensa-esp-elf/include/c++/13.2.0/xtensa-esp-elf/esp32] ==> [/opt/esp/tools/tools/xtensa-esp-elf/esp-13.2.0_20250707/xtensa-esp-elf/xtensa-esp-elf/include/c++/13.2.0/xtensa-esp-elf/esp32]
  collapse include dir [/opt/esp/tools/tools/xtensa-esp-elf/esp-13.2.0_20250707/xtensa-esp-elf/bin/../lib/gcc/xtensa-esp-elf/13.2.0/../../../../xtensa-esp-elf/include/c++/13.2.0/backward] ==> [/opt/esp/tools/tools/xtensa-esp-elf/esp-13.2.0_20250707/xtensa-esp-elf/xtensa-esp-elf/include/c++/13.2.0/backward]
  collapse include dir [/opt/esp/tools/tools/xtensa-esp-elf/esp-13.2.0_20250707/xtensa-esp-elf/bin/../lib/gcc/xtensa-esp-elf/13.2.0/include] ==> [/opt/esp/tools/tools/xtensa-esp-elf/esp-13.2.0_20250707/xtensa-esp-elf/lib/gcc/xtensa-esp-elf/13.2.0/include]
  collapse include dir [/opt/esp/tools/tools/xtensa-esp-elf/esp-13.2.0_20250707/xtensa-esp-elf/bin/../lib/gcc/xtensa-esp-elf/13.2.0/include-fixed] ==> [/opt/esp/tools/tools/xtensa-esp-elf/esp-13.2.0_20250707/xtensa-esp-elf/lib/gcc/xtensa-esp-elf/13.2.0/include-fixed]
  collapse include dir [/opt/esp/tools/tools/xtensa-esp-elf/esp-13.2.0_20250707/xtensa-esp-elf/bin/../lib/gcc/xtensa-esp-elf/13.2.0/../../../../xtensa-esp-elf/include] ==> [/opt/esp/tools/tools/xtensa-esp-elf/esp-13.2.0_20250707/xtensa-esp-elf/xtensa-esp-elf/include]
  implicit include dirs: [/opt/esp/tools/tools/xtensa-esp-elf/esp-13.2.0_20250707/xtensa-esp-elf/xtensa-esp-elf/include/c++/13.2.0;/opt/esp/tools/tools/xtensa-esp-elf/esp-13.2.0_20250707/xtensa-esp-elf/xtensa-esp-elf/include/c++/13.2.0/xtensa-esp-elf/esp32;/opt/esp/tools/tools/xtensa-esp-elf/esp-13.2.0_20250707/xtensa-esp-elf/xtensa-esp-elf/include/c++/13.2.0/backward;/opt/esp/tools/tools/xtensa-esp-elf/esp-13.2.0_20250707/xtensa-esp-elf/lib/gcc/xtensa-esp-elf/13.2.0/include;/opt/esp/tools/tools/xtensa-esp-elf/esp-13.2.0_20250707/xtensa-esp-elf/lib/gcc/xtensa-esp-elf/13.2.0/include-fixed;/opt/esp/tools/tools/xtensa-esp-elf/esp-13.2.0_20250707/xtensa-esp-elf/xtensa-esp-elf/include]


Parsed CXX implicit link information from above output:
  link line regex: [^( *|.*[/\])(xtensa-esp32-elf-ld|CMAKE_LINK_STARTFILE-NOTFOUND|([^/\]+-)?ld|collect2)[^/\]*( |$)]
  ignore line: [Change Dir: /workspace/vehicle_tracker/build/CMakeFiles/CMakeTmp]
  ignore line: []
  ignore line: [Run Build Command(s):/usr/bin/gmake -f Makefile cmTC_37adb/fast && /usr/bin/gmake  -f CMakeFiles/cmTC_37adb.dir/build.make CMakeFiles/cmTC_37adb.dir/build]
  ignore line: [gmake[1]: Entering directory '/workspace/vehicle_tracker/build/CMakeFiles/CMakeTmp']
  ignore line: [Building CXX object CMakeFiles/cmTC_37adb.dir/CMakeCXXCompilerABI.cpp.obj]
  ignore line: [/opt/esp/tools/tools/xtensa-esp-elf/esp-13.2.0_20250707/xtensa-esp-elf/bin/xtensa-esp32-elf-g++   -mlongcalls -Wno-frame-address  -fno-builtin-memcpy -fno-builtin-memset -fno-builtin-bzero -fno-builtin-stpcpy -fno-builtin-strncpy    -v -o CMakeFiles/cmTC_37adb.dir/CMakeCXXCompilerABI.cpp.obj -c /usr/share/cmake-3.22/Modules/CMakeCXXCompilerABI.cpp]
  ignore line: [Using built-in specs.]
  ignore line: [COLLECT_GCC=/opt/esp/tools/tools/xtensa-esp-elf/esp-13.2.0_20250707/xtensa-esp-elf/bin/xtensa-esp-elf-g++]
  ignore line: [Target: xtensa-esp-elf]
  ignore line: [Configured with: /builds/idf/crosstool-NG/.build/xtensa-esp-elf/src/gcc/configure --build=x86_64-build_pc-linux-gnu --host=x86_64-build_pc-linux-gnu --target=xtensa-esp-elf --prefix=/builds/idf/crosstool-NG/builds/xtensa-esp-elf --exec_prefix=/builds/idf/crosstool-NG/builds/xtensa-esp-elf --with-local-prefix=/builds/idf/crosstool-NG/builds/xtensa-esp-elf/xtensa-esp-elf --with-sysroot=/builds/idf/crosstool-NG/builds/xtensa-esp-elf/xtensa-esp-elf --with-native-system-header-dir=/include --with-newlib --enable-threads=no --disable-shared --with-pkgversion='crosstool-NG esp-13.2.0_20250707' --disable-__cxa_atexit --enable-cxx-flags='-ffunction-sections -fdata-sections' --disable-libgomp --disable-libmudflap --disable-libmpx --disable-libssp --disable-libquadmath --disable-libquadmath-support --disable-libstdcxx-verbose --with-gmp=/builds/idf/crosstool-NG/.build/xtensa-esp-elf/buildtools --with-mpfr=/builds/idf/crosstool-NG/.build/xtensa-esp-elf/buildtools --with-mpc=/builds/idf/crosstool-NG/.build/xtensa-esp-elf/buildtools --with-isl=/builds/idf/crosstool-NG/.build/xtensa-esp-elf/buildtools --enable-lto --enable-target-optspace --without-long-double-128 --disable-nls --enable-multiarch --enable-languages=c c++ --disable-libstdcxx-verbose --enable-threads=posix --enable-gcov-custom-rtio --enable-libstdcxx-time=yes]
  ignore line: [Thread model: posix]
  ignore line: [Supported LTO compression algorithms: zlib zstd]
  ignore line: [gcc version 13.2.0 (crosstool-NG esp-13.2.0_20250707) ]
  ignore line: [COLLECT_GCC_OPTIONS='-mdynconfig=xtensa_esp32.so' '-mlongcalls' '-Wno-frame-address' '-fno-builtin-memcpy' '-fno-builtin-memset' '-fno-builtin-bzero' '-fno-builtin-stpcpy' '-fno-builtin-strncpy' '-v' '-o' 'CMakeFiles/cmTC_37adb.dir/CMakeCXXCompilerABI.cpp.obj' '-c' '-dumpdir' 'CMakeFiles/cmTC_37adb.dir/']
  ignore line: [ /opt/esp/tools/tools/xtensa-esp-elf/esp-13.2.0_20250707/xtensa-esp-elf/bin/../libexec/gcc/xtensa-esp-elf/13.2.0/cc1plus -quiet -v -imultilib esp32 -iprefix /opt/esp/tools/tools/xtensa-esp-elf/esp-13.2.0_20250707/xtensa-esp-elf/bin/../lib/gcc/xtensa-esp-elf/13.2.0/ -isysroot /opt/esp/tools/tools/xtensa-esp-elf/esp-13.2.0_20250707/xtensa-esp-elf/bin/../xtensa-esp-elf /usr/share/cmake-3.22/Modules/CMakeCXXCompilerABI.cpp -quiet -dumpdir CMakeFiles/cmTC_37adb.dir/ -dumpbase CMakeCXXCompilerABI.cpp.cpp -dumpbase-ext .cpp -mdynconfig=xtensa_esp32.so -mlongcalls -Wno-frame-address -version -fno-builtin-memcpy -fno-builtin-memset -fno-builtin-bzero -fno-builtin-stpcpy -fno-builtin-strncpy -o /tmp/ccVukWwu.s]
  ignore line: [GNU C++17 (crosstool-NG esp-13.2.0_20250707) version 13.2.0 (xtensa-esp-elf)]
  ignore line: [	compiled by GNU C version 4.9.2  GMP version 6.2.1  MPFR version 4.2.1  MPC version 1.2.1  isl version isl-0.26-GMP]
  ignore line: []
  ignore line: [GGC heuristics: --param ggc-min-expand=100 --param ggc-min-heapsize=131072]
  ignore line: [ignoring duplicate directory "/opt/esp/tools/tools/xtensa-esp-elf/esp-13.2.0_20250707/xtensa-esp-elf/bin/../lib/gcc/../../lib/gcc/xtensa-esp-elf/13.2.0/../../../../xtensa-esp-elf/include/c++/13.2.0"]
  ignore line: [ignoring duplicate directory "/opt/esp/tools/tools/xtensa-esp-elf/esp-13.2.0_20250707/xtensa-esp-elf/bin/../lib/gcc/../../lib/gcc/xtensa-esp-elf/13.2.0/../../../../xtensa-esp-elf/include/c++/13.2.0/xtensa-esp-elf/esp32"]
  ignore line: [ignoring duplicate directory "/opt/esp/tools/tools/xtensa-esp-elf/esp-13.2.0_20250707/xtensa-esp-elf/bin/../lib/gcc/../../lib/gcc/xtensa-esp-elf/13.2.0/../../../../xtensa-esp-elf/include/c++/13.2.0/backward"]
  ignore line: [ignoring duplicate directory "/opt/esp/tools/tools/xtensa-esp-elf/esp-13.2.0_20250707/xtensa-esp-elf/bin/../lib/gcc/../../lib/gcc/xtensa-esp-elf/13.2.0/include"]
  ignore line: [ignoring nonexistent directory "/opt/esp/tools/tools/xtensa-esp-elf/esp-13.2.0_20250707/xtensa-esp-elf/bin/../xtensa-esp-elf/builds/idf/crosstool-NG/builds/xtensa-esp-elf/xtensa-esp-elf/include"]
  ignore line: [ignoring duplicate directory "/opt/esp/tools/tools/xtensa-esp-elf/esp-13.2.0_20250707/xtensa-esp-elf/bin/../lib/gcc/../../lib/gcc/xtensa-esp-elf/13.2.0/include-fixed"]
  ignore line: [ignoring duplicate directory "/opt/esp/tools/tools/xtensa-esp-elf/esp-13.2.0_20250707/xtensa-esp-elf/bin/../lib/gcc/../../lib/gcc/xtensa-esp-elf/13.2.0/../../../../xtensa-esp-elf/include"]
  ignore line: [ignoring duplicate directory "/opt/esp/tools/tools/xtensa-esp-elf/esp-13.2.0_20250707/xtensa-esp-elf/bin/../xtensa-esp-elf/include"]
  ignore line: [#include "..." search starts here:]
  ignore line: [#include <...> search starts here:]
  ignore line: [ /opt/esp/tools/tools/xtensa-esp-elf/esp-13.2.0_20250707/xtensa-esp-elf/bin/../lib/gcc/xtensa-esp-elf/13.2.0/../../../../xtensa-esp-elf/include/c++/13.2.0]
  ignore line: [ /opt/esp/tools/tools/xtensa-esp-elf/esp-13.2.0_20250707/xtensa-esp-elf/bin/../lib/gcc/xtensa-esp-elf/13.2.0/../../../../xtensa-esp-elf/include/c++/13.2.0/xtensa-esp-elf/esp32]
  ignore line: [ /opt/esp/tools/tools/xtensa-esp-elf/esp-13.2.0_20250707/xtensa-esp-elf/bin/../lib/gcc/xtensa-esp-elf/13.2.0/../../../../xtensa-esp-elf/include/c++/13.2.0/backward]
  ignore line: [ /opt/esp/tools/tools/xtensa-esp-elf/esp-13.2.0_20250707/xtensa-esp-elf/bin/../lib/gcc/xtensa-esp-elf/13.2.0/include]
  ignore line: [ /opt/esp/tools/tools/xtensa-esp-elf/esp-13.2.0_20250707/xtensa-esp-elf/bin/../lib/gcc/xtensa-esp-elf/13.2.0/include-fixed]
  ignore line: [ /opt/esp/tools/tools/xtensa-esp-elf/esp-13.2.0_20250707/xtensa-esp-elf/bin/../lib/gcc/xtensa-esp-elf/13.2.0/../../../../xtensa-esp-elf/include]
  ignore line: [End of search list.]
  ignore line: [Compiler executable checksum: 6be9d76bd920418c6cdadbfbbb13a8b7]
  ignore line: [COLLECT_GCC_OPTIONS='-mdynconfig=xtensa_esp32.so' '-mlongcalls' '-Wno-frame-address' '-fno-builtin-memcpy' '-fno-builtin-memset' '-fno-builtin-bzero' '-fno-builtin-stpcpy' '-fno-builtin-strncpy' '-v' '-o' 'CMakeFiles/cmTC_37adb.dir/CMakeCXXCompilerABI.cpp.obj' '-c' '-dumpdir' 'CMakeFiles/cmTC_37adb.dir/']
  ignore line: [ /opt/esp/tools/tools/xtensa-esp-elf/esp-13.2.0_20250707/xtensa-esp-elf/bin/../lib/gcc/xtensa-esp-elf/13.2.0/../../../../xtensa-esp-elf/bin/as --traditional-format --longcalls --dynconfig=xtensa_esp32.so -o CMakeFiles/cmTC_37adb.dir/CMakeCXXCompilerABI.cpp.obj /tmp/ccVukWwu.s]
  ignore line: [COMPILER_PATH=/opt/esp/tools/tools/xtensa-esp-elf/esp-13.2.0_20250707/xtensa-esp-elf/bin/../libexec/gcc/xtensa-esp-elf/13.2.0/:/opt/esp/tools/tools/xtensa-esp-elf/esp-13.2.0_20250707/xtensa-esp-elf/bin/../libexec/gcc/:/opt/esp/tools/tools/xtensa-esp-elf/esp-13.2.0_20250707/xtensa-esp-elf/bin/../lib/gcc/xtensa-esp-elf/13.2.0/../../../../xtensa-esp-elf/bin/]
  ignore line: [LIBRARY_PATH=/opt/esp/tools/tools/xtensa-esp-elf/esp-13.2.0_20250707/xtensa-esp-elf/bin/../lib/gcc/xtensa-esp-elf/13.2.0/esp32/:/opt/esp/tools/tools/xtensa-esp-elf/esp-13.2.0_20250707/xtensa-esp-elf/bin/../lib/gcc/xtensa-esp-elf/13.2.0/../../../../xtensa-esp-elf/lib/esp32/:/opt/esp/tools/tools/xtensa-esp-elf/esp-13.2.0_20250707/xtensa-esp-elf/bin/../xtensa-esp-elf/lib/esp32/:/opt/esp/tools/tools/xtensa-esp-elf/esp-13.2.0_20250707/xtensa-esp-elf/bin/../lib/gcc/xtensa-esp-elf/13.2.0/:/opt/esp/tools/tools/xtensa-esp-elf/esp-13.2.0_20250707/xtensa-esp-elf/bin/../lib/gcc/:/opt/esp/tools/tools/xtensa-esp-elf/esp-13.2.0_20250707/xtensa-esp-elf/bin/../lib/gcc/xtensa-esp-elf/13.2.0/../../../../xtensa-esp-elf/lib/:/opt/esp/tools/tools/xtensa-esp-elf/esp-13.2.0_20250707/xtensa-esp-elf/bin/../xtensa-esp-elf/lib/:/opt/esp/tools/tools/xtensa-esp-elf/esp-13.2.0_20250707/xtensa-esp-elf/bin/../xtensa-esp-elf/usr/lib/]
  ignore line: [COLLECT_GCC_OPTIONS='-mdynconfig=xtensa_esp32.so' '-mlongcalls' '-Wno-frame-address' '-fno-builtin-memcpy' '-fno-builtin-memset' '-fno-builtin-bzero' '-fno-builtin-stpcpy' '-fno-builtin-strncpy' '-v' '-o' 'CMakeFiles/cmTC_37adb.dir/CMakeCXXCompilerABI.cpp.obj' '-c' '-dumpdir' 'CMakeFiles/cmTC_37adb.dir/CMakeCXXCompilerABI.cpp.']
  ignore line: [Linking CXX executable cmTC_37adb]
  ignore line: [/usr/bin/cmake -E cmake_link_script CMakeFiles/cmTC_37adb.dir/link.txt --verbose=1]
  ignore line: [/opt/esp/tools/tools/xtensa-esp-elf/esp-13.2.0_20250707/xtensa-esp-elf/bin/xtensa-esp32-elf-g++ -mlongcalls -Wno-frame-address  -fno-builtin-memcpy -fno-builtin-memset -fno-builtin-bzero -fno-builtin-stpcpy -fno-builtin-strncpy   -v CMakeFiles/cmTC_37adb.dir/CMakeCXXCompilerABI.cpp.obj -o cmTC_37adb ]
  ignore line: [Using built-in specs.]
  ignore line: [COLLECT_GCC=/opt/esp/tools/tools/xtensa-esp-elf/esp-13.2.0_20250707/xtensa-esp-elf/bin/xtensa-esp-elf-g++]
  ignore line: [COLLECT_LTO_WRAPPER=/opt/esp/tools/tools/xtensa-esp-elf/esp-13.2.0_20250707/xtensa-esp-elf/bin/../libexec/gcc/xtensa-esp-elf/13.2.0/lto-wrapper]
  ignore line: [Target: xtensa-esp-elf]
  ignore line: [Configured with: /builds/idf/crosstool-NG/.build/xtensa-esp-elf/src/gcc/configure --build=x86_64-build_pc-linux-gnu --host=x86_64-build_pc-linux-gnu --target=xtensa-esp-elf --prefix=/builds/idf/crosstool-NG/builds/xtensa-esp-elf --exec_prefix=/builds/idf/crosstool-NG/builds/xtensa-esp-elf --with-local-prefix=/builds/idf/crosstool-NG/builds/xtensa-esp-elf/xtensa-esp-elf --with-sysroot=/builds/idf/crosstool-NG/builds/xtensa-esp-elf/xtensa-esp-elf --with-native-system-header-dir=/include --with-newlib --enable-threads=no --disable-shared --with-pkgversion='crosstool-NG esp-13.2.0_20250707' --disable-__cxa_atexit --enable-cxx-flags='-ffunction-sections -fdata-sections' --disable-libgomp --disable-libmudflap --disable-libmpx --disable-libssp --disable-libquadmath --disable-libquadmath-support --disable-libstdcxx-verbose --with-gmp=/builds/idf/crosstool-NG/.build/xtensa-esp-elf/buildtools --with-mpfr=/builds/idf/crosstool-NG/.build/xtensa-esp-elf/buildtools --with-mpc=/builds/idf/crosstool-NG/.build/xtensa-esp-elf/buildtools --with-isl=/builds/idf/crosstool-NG/.build/xtensa-esp-elf/buildtools --enable-lto --enable-target-optspace --without-long-double-128 --disable-nls --enable-multiarch --enable-languages=c c++ --disable-libstdcxx-verbose --enable-threads=posix --enable-gcov-custom-rtio --enable-libstdcxx-time=yes]
  ignore line: [Thread model: posix]
  ignore line: [Supported LTO compression algorithms: zlib zstd]
  ignore line: [gcc version 13.2.0 (crosstool-NG esp-13.2.0_20250707) ]
  ignore line: [COMPILER_PATH=/opt/esp/tools/tools/xtensa-esp-elf/esp-13.2.0_20250707/xtensa-esp-elf/bin/../libexec/gcc/xtensa-esp-elf/13.2.0/:/opt/esp/tools/tools/xtensa-esp-elf/esp-13.2.0_20250707/xtensa-esp-elf/bin/../libexec/gcc/:/opt/esp/tools/tools/xtensa-esp-elf/esp-13.2.0_20250707/xtensa-esp-elf/bin/../lib/gcc/xtensa-esp-elf/13.2.0/../../../../xtensa-esp-elf/bin/]
  ignore line: [LIBRARY_PATH=/opt/esp/tools/tools/xtensa-esp-elf/esp-13.2.0_20250707/xtensa-esp-elf/bin/../lib/gcc/xtensa-esp-elf/13.2.0/esp32/:/opt/esp/tools/tools/xtensa-esp-elf/esp-13.2.0_20250707/xtensa-esp-elf/bin/../lib/gcc/xtensa-esp-elf/13.2.0/../../../../xtensa-esp-elf/lib/esp32/:/opt/esp/tools/tools/xtensa-esp-elf/esp-13.2.0_20250707/xtensa-esp-elf/bin/../xtensa-esp-elf/lib/esp32/:/opt/esp/tools/tools/xtensa-esp-elf/esp-13.2.0_20250707/xtensa-esp-elf/bin/../lib/gcc/xtensa-esp-elf/13.2.0/:/opt/esp/tools/tools/xtensa-esp-elf/esp-13.2.0_20250707/xtensa-esp-elf/bin/../lib/gcc/:/opt/esp/tools/tools/xtensa-esp-elf/esp-13.2.0_20250707/xtensa-esp-elf/bin/../lib/gcc/xtensa-esp-elf/13.2.0/../../../../xtensa-esp-elf/lib/:/opt/esp/tools/tools/xtensa-esp-elf/esp-13.2.0_20250707/xtensa-esp-elf/bin/../xtensa-esp-elf/lib/:/opt/esp/tools/tools/xtensa-esp-elf/esp-13.2.0_20250707/xtensa-esp-elf/bin/../xtensa-esp-elf/usr/lib/]
  ignore line: [COLLECT_GCC_OPTIONS='-mdynconfig=xtensa_esp32.so' '-mlongcalls' '-Wno-frame-address' '-fno-builtin-memcpy' '-fno-builtin-memset' '-fno-builtin-bzero' '-fno-builtin-stpcpy' '-fno-builtin-strncpy' '-v' '-o' 'cmTC_37adb' '-dumpdir' 'cmTC_37adb.']
  link line: [ /opt/esp/tools/tools/xtensa-esp-elf/esp-13.2.0_20250707/xtensa-esp-elf/bin/../libexec/gcc/xtensa-esp-elf/13.2.0/collect2 -plugin /opt/esp/tools/tools/xtensa-esp-elf/esp-13.2.0_20250707/xtensa-esp-elf/bin/../libexec/gcc/xtensa-esp-elf/13.2.0/liblto_plugin.so -plugin-opt=/opt/esp/tools/tools/xtensa-esp-elf/esp-13.2.0_20250707/xtensa-esp-elf/bin/../libexec/gcc/xtensa-esp-elf/13.2.0/lto-wrapper -plugin-opt=-fresolution=/tmp/ccFyZxDh.res -plugin-opt=-pass-through=-lgcc -plugin-opt=-pass-through=-lc -plugin-opt=-pass-through=-lnosys -plugin-opt=-pass-through=-lc -plugin-opt=-pass-through=-lgcc --sysroot=/opt/esp/tools/tools/xtensa-esp-elf/esp-13.2.0_20250707/xtensa-esp-elf/bin/../xtensa-esp-elf --dynconfig=xtensa_esp32.so -o cmTC_37adb /opt/esp/tools/tools/xtensa-esp-elf/esp-13.2.0_20250707/xtensa-esp-elf/bin/../lib/gcc/xtensa-esp-elf/13.2.0/../../../../xtensa-esp-elf/lib/esp32/crt0.o /opt/esp/tools/tools/xtensa-esp-elf/esp-13.2.0_20250707/xtensa-esp-elf/bin/../lib/gcc/xtensa-esp-elf/13.2.0/esp32/crti.o /opt/esp/tools/tools/xtensa-esp-elf/esp-13.2.0_20250707/xtensa-esp-elf/bin/../lib/gcc/xtensa-esp-elf/13.2.0/esp32/crtbegin.o -L/opt/esp/tools/tools/xtensa-esp-elf/esp-13.2.0_20250707/xtensa-esp-elf/bin/../lib/gcc/xtensa-esp-elf/13.2.0/esp32 -L/opt/esp/tools/tools/xtensa-esp-elf/esp-13.2.0_20250707/xtensa-esp-elf/bin/../lib/gcc/xtensa-esp-elf/13.2.0/../../../../xtensa-esp-elf/lib/esp32 -L/opt/esp/tools/tools/xtensa-esp-elf/esp-13.2.0_20250707/xtensa-esp-elf/bin/../xtensa-esp-elf/lib/esp32 -L/opt/esp/tools/tools/xtensa-esp-elf/esp-13.2.0_20250707/xtensa-esp-elf/bin/../lib/gcc/xtensa-esp-elf/13.2.0 -L/opt/esp/tools/tools/xtensa-esp-elf/esp-13.2.0_20250707/xtensa-esp-elf/bin/../lib/gcc -L/opt/esp/tools/tools/xtensa-esp-elf/esp-13.2.0_20250707/xtensa-esp-elf/bin/../lib/gcc/xtensa-esp-elf/13.2.0/../../../../xtensa-esp-elf/lib -L/opt/esp/tools/tools/xtensa-esp-elf/esp-13.2.0_20250707/xtensa-esp-elf/bin/../xtensa-esp-elf/lib -L/opt/esp/tools/tools/xtensa-esp-elf/esp-13.2.0_20250707/xtensa-esp-elf/bin/../xtensa-esp-elf/usr/lib CMakeFiles/cmTC_37adb.dir/CMakeCXXCompilerABI.cpp.obj -lstdc++ -lm -lgcc -lc -lnosys -lc -lgcc /opt/esp/tools/tools/xtensa-esp-elf/esp-13.2.0_20250707/xtensa-esp-elf/bin/../lib/gcc/xtensa-esp-elf/13.2.0/esp32/crtend.o /opt/esp/tools/tools/xtensa-esp-elf/esp-13.2.0_20250707/xtensa-esp-elf/bin/../lib/gcc/xtensa-esp-elf/13.2.0/esp32/crtn.o]
    arg [/opt/esp/tools/tools/xtensa-esp-elf/esp-13.2.0_20250707/xtensa-esp-elf/bin/../libexec/gcc/xtensa-esp-elf/13.2.0/collect2] ==> ignore
    arg [-plugin] ==> ignore
    arg [/opt/esp/tools/tools/xtensa-esp-elf/esp-13.2.0_20250707/xtensa-esp-elf/bin/../libexec/gcc/xtensa-esp-elf/13.2.0/liblto_plugin.so] ==> ignore
    arg [-plugin-opt=/opt/esp/tools/tools/xtensa-esp-elf/esp-13.2.0_20250707/xtensa-esp-elf/bin/../libexec/gcc/xtensa-esp-elf/13.2.0/lto-wrapper] ==> ignore
    arg [-plugin-opt=-fresolution=/tmp/ccFyZxDh.res] ==> ignore
    arg [-plugin-opt=-pass-through=-lgcc] ==> ignore
    arg [-plugin-opt=-pass-through=-lc] ==> ignore
    arg [-plugin-opt=-pass-through=-lnosys] ==> ignore
    arg [-plugin-opt=-pass-through=-lc] ==> ignore
    arg [-plugin-opt=-pass-through=-lgcc] ==> ignore
    arg [--sysroot=/opt/esp/tools/tools/xtensa-esp-elf/esp-13.2.0_20250707/xtensa-esp-elf/bin/../xtensa-esp-elf] ==> ignore
    arg [--dynconfig=xtensa_esp32.so] ==> ignore
    arg [-o] ==> ignore
    arg [cmTC_37adb] ==> ignore
    arg [/opt/esp/tools/tools/xtensa-esp-elf/esp-13.2.0_20250707/xtensa-esp-elf/bin/../lib/gcc/xtensa-esp-elf/13.2.0/../../../../xtensa-esp-elf/lib/esp32/crt0.o] ==> obj [/opt/esp/tools/tools/xtensa-esp-elf/esp-13.2.0_20250707/xtensa-esp-elf/bin/../lib/gcc/xtensa-esp-elf/13.2.0/../../../../xtensa-esp-elf/lib/esp32/crt0.o]
    arg [/opt/esp/tools/tools/xtensa-esp-elf/esp-13.2.0_20250707/xtensa-esp-elf/bin/../lib/gcc/xtensa-esp-elf/13.2.0/esp32/crti.o] ==> obj [/opt/esp/tools/tools/xtensa-esp-elf/esp-13.2.0_20250707/xtensa-esp-elf/bin/../lib/gcc/xtensa-esp-elf/13.2.0/esp32/crti.o]
    arg [/opt/esp/tools/tools/xtensa-esp-elf/esp-13.2.0_20250707/xtensa-esp-elf/bin/../lib/gcc/xtensa-esp-elf/13.2.0/esp32/crtbegin.o] ==> obj [/opt/esp/tools/tools/xtensa-esp-elf/esp-13.2.0_20250707/xtensa-esp-elf/bin/../lib/gcc/xtensa-esp-elf/13.2.0/esp32/crtbegin.o]
    arg [-L/opt/esp/tools/tools/xtensa-esp-elf/esp-13.2.0_20250707/xtensa-esp-elf/bin/../lib/gcc/xtensa-esp-elf/13.2.0/esp32] ==> dir [/opt/esp/tools/tools/xtensa-esp-elf/esp-13.2.0_20250707/xtensa-esp-elf/bin/../lib/gcc/xtensa-esp-elf/13.2.0/esp32]
    arg [-L/opt/esp/tools/tools/xtensa-esp-elf/esp-13.2.0_20250707/xtensa-esp-elf/bin/../lib/gcc/xtensa-esp-elf/13.2.0/../../../../xtensa-esp-elf/lib/esp32] ==> dir [/opt/esp/tools/tools/xtensa-esp-elf/esp-13.2.0_20250707/xtensa-esp-elf/bin/../lib/gcc/xtensa-esp-elf/13.2.0/../../../../xtensa-esp-elf/lib/esp32]
    arg [-L/opt/esp/tools/tools/xtensa-esp-elf/esp-13.2.0_20250707/xtensa-esp-elf/bin/../xtensa-esp-elf/lib/esp32] ==> dir [/opt/esp/tools/tools/xtensa-esp-elf/esp-13.2.0_20250707/xtensa-esp-elf/bin/../xtensa-esp-elf/lib/esp32]
    arg [-L/opt/esp/tools/tools/xtensa-esp-elf/esp-13.2.0_20250707/xtensa-esp-elf/bin/../lib/gcc/xtensa-esp-elf/13.2.0] ==> dir [/opt/esp/tools/tools/xtensa-esp-elf/esp-13.2.0_20250707/xtensa-esp-elf/bin/../lib/gcc/xtensa-esp-elf/13.2.0]
    arg [-L/opt/esp/tools/tools/xtensa-esp-elf/esp-13.2.0_20250707/xtensa-esp-elf/bin/../lib/gcc] ==> dir [/opt/esp/tools/tools/xtensa-esp-elf/esp-13.2.0_20250707/xtensa-esp-elf/bin/../lib/gcc]
    arg [-L/opt/esp/tools/tools/xtensa-esp-elf/esp-13.2.0_20250707/xtensa-esp-elf/bin/../lib/gcc/xtensa-esp-elf/13.2.0/../../../../xtensa-esp-elf/lib] ==> dir [/opt/esp/tools/tools/xtensa-esp-elf/esp-13.2.0_20250707/xtensa-esp-elf/bin/../lib/gcc/xtensa-esp-elf/13.2.0/../../../../xtensa-esp-elf/lib]
    arg [-L/opt/esp/tools/tools/xtensa-esp-elf/esp-13.2.0_20250707/xtensa-esp-elf/bin/../xtensa-esp-elf/lib] ==> dir [/opt/esp/tools/tools/xtensa-esp-elf/esp-13.2.0_20250707/xtensa-esp-elf/bin/../xtensa-esp-elf/lib]
    arg [-L/opt/esp/tools/tools/xtensa-esp-elf/esp-13.2.0_20250707/xtensa-esp-elf/bin/../xtensa-esp-elf/usr/lib] ==> dir [/opt/esp/tools/tools/xtensa-esp-elf/esp-13.2.0_20250707/xtensa-esp-elf/bin/../xtensa-esp-elf/usr/lib]
    arg [CMakeFiles/cmTC_37adb.dir/CMakeCXXCompilerABI.cpp.obj] ==> ignore
    arg [-lstdc++] ==> lib [stdc++]
    arg [-lm] ==> lib [m]
    arg [-lgcc] ==> lib [gcc]
    arg [-lc] ==> lib [c]
    arg [-lnosys] ==> lib [nosys]
    arg [-lc] ==> lib [c]
    arg [-lgcc] ==> lib [gcc]
    arg [/opt/esp/tools/tools/xtensa-esp-elf/esp-13.2.0_20250707/xtensa-esp-elf/bin/../lib/gcc/xtensa-esp-elf/13.2.0/esp32/crtend.o] ==> obj [/opt/esp/tools/tools/xtensa-esp-elf/esp-13.2.0_20250707/xtensa-esp-elf/bin/../lib/gcc/xtensa-esp-elf/13.2.0/esp32/crtend.o]
    arg [/opt/esp/tools/tools/xtensa-esp-elf/esp-13.2.0_20250707/xtensa-esp-elf/bin/../lib/gcc/xtensa-esp-elf/13.2.0/esp32/crtn.o] ==> obj [/opt/esp/tools/tools/xtensa-esp-elf/esp-13.2.0_20250707/xtensa-esp-elf/bin/../lib/gcc/xtensa-esp-elf/13.2.0/esp32/crtn.o]
  collapse obj [/opt/esp/tools/tools/xtensa-esp-elf/esp-13.2.0_20250707/xtensa-esp-elf/bin/../lib/gcc/xtensa-esp-elf/13.2.0/../../../../xtensa-esp-elf/lib/esp32/crt0.o] ==> [/opt/esp/tools/tools/xtensa-esp-elf/esp-13.2.0_20250707/xtensa-esp-elf/xtensa-esp-elf/lib/esp32/crt0.o]
  collapse obj [/opt/esp/tools/tools/xtensa-esp-elf/esp-13.2.0_20250707/xtensa-esp-elf/bin/../lib/gcc/xtensa-esp-elf/13.2.0/esp32/crti.o] ==> [/opt/esp/tools/tools/xtensa-esp-elf/esp-13.2.0_20250707/xtensa-esp-elf/lib/gcc/xtensa-esp-elf/13.2.0/esp32/crti.o]
  collapse obj [/opt/esp/tools/tools/xtensa-esp-elf/esp-13.2.0_20250707/xtensa-esp-elf/bin/../lib/gcc/xtensa-esp-elf/13.2.0/esp32/crtbegin.o] ==> [/opt/esp/tools/tools/xtensa-esp-elf/esp-13.2.0_20250707/xtensa-esp-elf/lib/gcc/xtensa-esp-elf/13.2.0/esp32/crtbegin.o]
  collapse obj [/opt/esp/tools/tools/xtensa-esp-elf/esp-13.2.0_20250707/xtensa-esp-elf/bin/../lib/gcc/xtensa-esp-elf/13.2.0/esp32/crtend.o] ==> [/opt/esp/tools/tools/xtensa-esp-elf/esp-13.2.0_20250707/xtensa-esp-elf/lib/gcc/xtensa-esp-elf/13.2.0/esp32/crtend.o]
  collapse obj [/opt/esp/tools/tools/xtensa-esp-elf/esp-13.2.0_20250707/xtensa-esp-elf/bin/../lib/gcc/xtensa-esp-elf/13.2.0/esp32/crtn.o] ==> [/opt/esp/tools/tools/xtensa-esp-elf/esp-13.2.0_20250707/xtensa-esp-elf/lib/gcc/xtensa-esp-elf/13.2.0/esp32/crtn.o]
  collapse library dir [/opt/esp/tools/tools/xtensa-esp-elf/esp-13.2.0_20250707/xtensa-esp-elf/bin/../lib/gcc/xtensa-esp-elf/13.2.0/esp32] ==> [/opt/esp/tools/tools/xtensa-esp-elf/esp-13.2.0_20250707/xtensa-esp-elf/lib/gcc/xtensa-esp-elf/13.2.0/esp32]
  collapse library dir [/opt/esp/tools/tools/xtensa-esp-elf/esp-13.2.0_20250707/xtensa-esp-elf/bin/../lib/gcc/xtensa-esp-elf/13.2.0/../../../../xtensa-esp-elf/lib/esp32] ==> [/opt/esp/tools/tools/xtensa-esp-elf/esp-13.2.0_20250707/xtensa-esp-elf/xtensa-esp-elf/lib/esp32]
  collapse library dir [/opt/esp/tools/tools/xtensa-esp-elf/esp-13.2.0_20250707/xtensa-esp-elf/bin/../xtensa-esp-elf/lib/esp32] ==> [/opt/esp/tools/tools/xtensa-esp-elf/esp-13.2.0_20250707/xtensa-esp-elf/xtensa-esp-elf/lib/esp32]
  collapse library dir [/opt/esp/tools/tools/xtensa-esp-elf/esp-13.2.0_20250707/xtensa-esp-elf/bin/../lib/gcc/xtensa-esp-elf/13.2.0] ==> [/opt/esp/tools/tools/xtensa-esp-elf/esp-13.2.0_20250707/xtensa-esp-elf/lib/gcc/xtensa-esp-elf/13.2.0]
  collapse library dir [/opt/esp/tools/tools/xtensa-esp-elf/esp-13.2.0_20250707/xtensa-esp-elf/bin/../lib/gcc] ==> [/opt/esp/tools/tools/xtensa-esp-elf/esp-13.2.0_20250707/xtensa-esp-elf/lib/gcc]
  collapse library dir [/opt/esp/tools/tools/xtensa-esp-elf/esp-13.2.0_20250707/xtensa-esp-elf/bin/../lib/gcc/xtensa-esp-elf/13.2.0/../../../../xtensa-esp-elf/lib] ==> [/opt/esp/tools/tools/xtensa-esp-elf/esp-13.2.0_20250707/xtensa-esp-elf/xtensa-esp-elf/lib]
  collapse library dir [/opt/esp/tools/tools/xtensa-esp-elf/esp-13.2.0_20250707/xtensa-esp-elf/bin/../xtensa-esp-elf/lib] ==> [/opt/esp/tools/tools/xtensa-esp-elf/esp-13.2.0_20250707/xtensa-esp-elf/xtensa-esp-elf/lib]
  collapse library dir [/opt/esp/tools/tools/xtensa-esp-elf/esp-13.2.0_20250707/xtensa-esp-elf/bin/../xtensa-esp-elf/usr/lib] ==> [/opt/esp/tools/tools/xtensa-esp-elf/esp-13.2.0_20250707/xtensa-esp-elf/xtensa-esp-elf/usr/lib]
  implicit libs: [stdc++;m;gcc;c;nosys;c;gcc]
  implicit objs: [/opt/esp/tools/tools/xtensa-esp-elf/esp-13.2.0_20250707/xtensa-esp-elf/xtensa-esp-elf/lib/esp32/crt0.o;/opt/esp/tools/tools/xtensa-esp-elf/esp-13.2.0_20250707/xtensa-esp-elf/lib/gcc/xtensa-esp-elf/13.2.0/esp32/crti.o;/opt/esp/tools/tools/xtensa-esp-elf/esp-13.2.0_20250707/xtensa-esp-elf/lib/gcc/xtensa-esp-elf/13.2.0/esp32/crtbegin.o;/opt/esp/tools/tools/xtensa-esp-elf/esp-13.2.0_20250707/xtensa-esp-elf/lib/gcc/xtensa-esp-elf/13.2.0/esp32/crtend.o;/opt/esp/tools/tools/xtensa-esp-elf/esp-13.2.0_20250707/xtensa-esp-elf/lib/gcc/xtensa-esp-elf/13.2.0/esp32/crtn.o]
  implicit dirs: [/opt/esp/tools/tools/xtensa-esp-elf/esp-13.2.0_20250707/xtensa-esp-elf/lib/gcc/xtensa-esp-elf/13.2.0/esp32;/opt/esp/tools/tools/xtensa-esp-elf/esp-13.2.0_20250707/xtensa-esp-elf/xtensa-esp-elf/lib/esp32;/opt/esp/tools/tools/xtensa-esp-elf/esp-13.2.0_20250707/xtensa-esp-elf/lib/gcc/xtensa-esp-elf/13.2.0;/opt/esp/tools/tools/xtensa-esp-elf/esp-13.2.0_20250707/xtensa-esp-elf/lib/gcc;/opt/esp/tools/tools/xtensa-esp-elf/esp-13.2.0_20250707/xtensa-esp-elf/xtensa-esp-elf/lib;/opt/esp/tools/tools/xtensa-esp-elf/esp-13.2.0_20250707/xtensa-esp-elf/xtensa-esp-elf/usr/lib]
  implicit fwks: []


Determining if the include file pthread.h exists passed with the following output:
Change Dir: /workspace/vehicle_tracker/build/CMakeFiles/CMakeTmp

Run Build Command(s):/usr/bin/gmake -f Makefile cmTC_e3069/fast && /usr/bin/gmake  -f CMakeFiles/cmTC_e3069.dir/build.make CMakeFiles/cmTC_e3069.dir/build
gmake[1]: Entering directory '/workspace/vehicle_tracker/build/CMakeFiles/CMakeTmp'
Building C object CMakeFiles/cmTC_e3069.dir/CheckIncludeFile.c.obj
/opt/esp/tools/tools/xtensa-esp-elf/esp-13.2.0_20250707/xtensa-esp-elf/bin/xtensa-esp32-elf-gcc   -mlongcalls -Wno-frame-address  -fno-builtin-memcpy -fno-builtin-memset -fno-builtin-bzero -fno-builtin-stpcpy -fno-builtin-strncpy  -o CMakeFiles/cmTC_e3069.dir/CheckIncludeFile.c.obj -c /workspace/vehicle_tracker/build/CMakeFiles/CMakeTmp/CheckIncludeFile.c
Linking C executable cmTC_e3069
/usr/bin/cmake -E cmake_link_script CMakeFiles/cmTC_e3069.dir/link.txt --verbose=1
/opt/esp/tools/tools/xtensa-esp-elf/esp-13.2.0_20250707/xtensa-esp-elf/bin/xtensa-esp32-elf-gcc -mlongcalls -Wno-frame-address  -fno-builtin-memcpy -fno-builtin-memset -fno-builtin-bzero -fno-builtin-stpcpy -fno-builtin-strncpy  CMakeFiles/cmTC_e3069.dir/CheckIncludeFile.c.obj -o cmTC_e3069 
gmake[1]: Leaving directory '/workspace/vehicle_tracker/build/CMakeFiles/CMakeTmp'



Performing C SOURCE FILE Test CMAKE_HAVE_LIBC_PTHREAD succeeded with the following output:
Change Dir: /workspace/vehicle_tracker/build/CMakeFiles/CMakeTmp

Run Build Command(s):/usr/bin/gmake -f Makefile cmTC_37b28/fast && /usr/bin/gmake  -f CMakeFiles/cmTC_37b28.dir/build.make CMakeFiles/cmTC_37b28.dir/build
gmake[1]: Entering directory '/workspace/vehicle_tracker/build/CMakeFiles/CMakeTmp'
Building C object CMakeFiles/cmTC_37b28.dir/src.c.obj
/opt/esp/tools/tools/xtensa-esp-elf/esp-13.2.0_20250707/xtensa-esp-elf/bin/xtensa-esp32-elf-gcc -DCMAKE_HAVE_LIBC_PTHREAD  -mlongcalls -Wno-frame-address  -fno-builtin-memcpy -fno-builtin-memset -fno-builtin-bzero -fno-builtin-stpcpy -fno-builtin-strncpy  -o CMakeFiles/cmTC_37b28.dir/src.c.obj -c /workspace/vehicle_tracker/build/CMakeFiles/CMakeTmp/src.c
Linking C executable cmTC_37b28
/usr/bin/cmake -E cmake_link_script CMakeFiles/cmTC_37b28.dir/link.txt --verbose=1
/opt/esp/tools/tools/xtensa-esp-elf/esp-13.2.0_20250707/xtensa-esp-elf/bin/xtensa-esp32-elf-gcc -mlongcalls -Wno-frame-address  -fno-builtin-memcpy -fno-builtin-memset -fno-builtin-bzero -fno-builtin-stpcpy -fno-builtin-strncpy  CMakeFiles/cmTC_37b28.dir/src.c.obj -o cmTC_37b28 
/opt/esp/tools/tools/xtensa-esp-elf/esp-13.2.0_20250707/xtensa-esp-elf/bin/../lib/gcc/xtensa-esp-elf/13.2.0/../../../../xtensa-esp-elf/bin/ld: CMakeFiles/cmTC_37b28.dir/src.c.obj:(.literal+0x18): warning: pthread_exit is not implemented and will always fail
/opt/esp/tools/tools/xtensa-esp-elf/esp-13.2.0_20250707/xtensa-esp-elf/bin/../lib/gcc/xtensa-esp-elf/13.2.0/../../../../xtensa-esp-elf/bin/ld: CMakeFiles/cmTC_37b28.dir/src.c.obj:(.literal+0xc): warning: pthread_cancel is not implemented and will always fail
/opt/esp/tools/tools/xtensa-esp-elf/esp-13.2.0_20250707/xtensa-esp-elf/bin/../lib/gcc/xtensa-esp-elf/13.2.0/../../../../xtensa-esp-elf/bin/ld: CMakeFiles/cmTC_37b28.dir/src.c.obj:(.literal+0x8): warning: pthread_detach is not implemented and will always fail
/opt/esp/tools/tools/xtensa-esp-elf/esp-13.2.0_20250707/xtensa-esp-elf/bin/../lib/gcc/xtensa-esp-elf/13.2.0/../../../../xtensa-esp-elf/bin/ld: CMakeFiles/cmTC_37b28.dir/src.c.obj:(.literal+0x10): warning: pthread_join is not implemented and will always fail
/opt/esp/tools/tools/xtensa-esp-elf/esp-13.2.0_20250707/xtensa-esp-elf/bin/../lib/gcc/xtensa-esp-elf/13.2.0/../../../../xtensa-esp-elf/bin/ld: CMakeFiles/cmTC_37b28.dir/src.c.obj:(.literal+0x4): warning: pthread_create is not implemented and will always fail
/opt/esp/tools/tools/xtensa-esp-elf/esp-13.2.0_20250707/xtensa-esp-elf/bin/../lib/gcc/xtensa-esp-elf/13.2.0/../../../../xtensa-esp-elf/bin/ld: CMakeFiles/cmTC_37b28.dir/src.c.obj:(.literal+0x14): warning: pthread_atfork is not implemented and will always fail
gmake[1]: Leaving directory '/workspace/vehicle_tracker/build/CMakeFiles/CMakeTmp'


Source file was:
#include <pthread.h>

static void* test_func(void* data)
{
  return data;
}

int main(void)
{
  pthread_t thread;
  pthread_create(&thread, NULL, test_func, NULL);
  pthread_detach(thread);
  pthread_cancel(thread);
  pthread_join(thread, NULL);
  pthread_atfork(NULL, NULL, NULL);
  pthread_exit(NULL);

  return 0;
}

Performing C SOURCE FILE Test C_COMPILER_SUPPORTS_WFORMAT_SIGNEDNESS succeeded with the following output:
Change Dir: /workspace/vehicle_tracker/build/CMakeFiles/CMakeTmp

Run Build Command(s):/usr/bin/gmake -f Makefile cmTC_a0a65/fast && /usr/bin/gmake  -f CMakeFiles/cmTC_a0a65.dir/build.make CMakeFiles/cmTC_a0a65.dir/build
gmake[1]: Entering directory '/workspace/vehicle_tracker/build/CMakeFiles/CMakeTmp'
Building C object CMakeFiles/cmTC_a0a65.dir/src.c.obj
/opt/esp/tools/tools/xtensa-esp-elf/esp-13.2.0_20250707/xtensa-esp-elf/bin/xtensa-esp32-elf-gcc -DC_COMPILER_SUPPORTS_WFORMAT_SIGNEDNESS  -mlongcalls -Wno-frame-address  -fno-builtin-memcpy -fno-builtin-memset -fno-builtin-bzero -fno-builtin-stpcpy -fno-builtin-strncpy -Wall -Wextra -Wwrite-strings -Wmissing-prototypes -Wformat=2 -Wno-format-nonliteral -Wvla -Wlogical-op -Wshadow    -Wformat-signedness -o CMakeFiles/cmTC_a0a65.dir/src.c.obj -c /workspace/vehicle_tracker/build/CMakeFiles/CMakeTmp/src.c
Linking C executable cmTC_a0a65
/usr/bin/cmake -E cmake_link_script CMakeFiles/cmTC_a0a65.dir/link.txt --verbose=1
/opt/esp/tools/tools/xtensa-esp-elf/esp-13.2.0_20250707/xtensa-esp-elf/bin/xtensa-esp32-elf-gcc -mlongcalls -Wno-frame-address  -fno-builtin-memcpy -fno-builtin-memset -fno-builtin-bzero -fno-builtin-stpcpy -fno-builtin-strncpy -Wall -Wextra -Wwrite-strings -Wmissing-prototypes -Wformat=2 -Wno-format-nonliteral -Wvla -Wlogical-op -Wshadow  CMakeFiles/cmTC_a0a65.dir/src.c.obj -o cmTC_a0a65 
gmake[1]: Leaving directory '/workspace/vehicle_tracker/build/CMakeFiles/CMakeTmp'


Source file was:
int main(void) { return 0; }
